TransactionAmount,TransactionType,Channel,CustomerAge,CustomerOccupation,TransactionDuration,LoginAttempts,AccountBalance,BinnedCustomerAge,Target
14.090000000000032,Debit,ATM,70.0,Doctor,81.0,1.0,5112.21,High,2
376.24,Debit,ATM,68.0,Doctor,141.0,1.0,13758.91,High,2
126.29000000000002,Debit,Online,19.0,Student,56.0,1.0,1122.3499999999995,Low,1
184.5,Debit,Online,26.0,Student,25.0,1.0,8569.06,Low,1
92.15,Debit,ATM,18.0,Student,172.0,1.0,781.6800000000003,Low,1
7.0800000000000125,Credit,ATM,37.0,Doctor,139.0,1.0,13316.71,Medium,0
171.42,Credit,Branch,67.0,Retired,291.0,1.0,2796.24,High,2
106.23000000000002,Credit,Branch,51.0,Engineer,86.0,1.0,9095.14,Medium,0
815.96,Debit,ATM,55.0,Doctor,120.0,1.0,1021.8799999999997,Medium,0
17.779999999999973,Credit,Online,52.0,Engineer,59.0,1.0,7599.52,Medium,0
190.02,Debit,Online,21.0,Student,173.0,1.0,1528.81,Low,1
494.52,Credit,Branch,24.0,Student,111.0,1.0,1620.02,Low,1
781.76,Debit,ATM,26.0,Student,123.0,1.0,189.6899999999996,Low,1
166.99,Debit,Online,18.0,Student,134.0,1.0,299.9300000000003,Low,1
465.45,Debit,ATM,36.0,Engineer,129.0,1.0,3465.54,Medium,0
555.8,Credit,Branch,19.0,Student,158.0,1.0,1131.2600000000007,Low,1
492.92999999999995,Debit,Online,39.0,Engineer,234.0,1.0,5109.97,Medium,0
18.680000000000035,Credit,Branch,59.0,Retired,106.0,1.0,7948.37,High,2
71.48000000000002,Credit,Online,18.0,Student,169.0,1.0,6568.59,Low,1
59.31999999999999,Debit,Branch,71.0,Retired,38.0,1.0,5750.89,High,2
85.76999999999998,Debit,Branch,38.0,Doctor,93.0,1.0,9146.19,Medium,0
145.53999999999996,Debit,Online,21.0,Student,96.0,1.0,1930.96,Low,1
7.490000000000009,Credit,Online,65.0,Retired,276.0,1.0,3634.67,High,2
40.31999999999999,Debit,Branch,37.0,Engineer,95.0,1.0,2686.52,Medium,0
127.44999999999999,Debit,Online,44.0,Doctor,197.0,1.0,1772.06,Medium,0
56.170000000000016,Debit,Branch,27.0,Student,283.0,1.0,1351.69,Low,1
28.310000000000002,Credit,Online,59.0,Doctor,20.0,1.0,8334.47,High,2
59.120000000000005,Debit,ATM,29.0,Doctor,257.0,1.0,9823.64,Low,0
877.81,Debit,Online,21.999999999999996,Student,150.0,1.0,399.0,Low,1
255.26,Credit,Branch,45.0,Doctor,50.0,1.0,14815.869999999999,Medium,0
124.75999999999999,Debit,Branch,49.0,Engineer,45.0,1.0,5764.72,Medium,0
78.13,Debit,Branch,26.0,Student,145.0,1.0,900.6099999999997,Low,1
335.63,Debit,Online,55.0,Retired,216.0,1.0,1019.3899999999999,Medium,0
328.47,Debit,ATM,63.0,Retired,119.0,1.0,4323.66,High,2
34.02000000000001,Debit,Online,38.0,Doctor,19.0,1.0,14214.48,Medium,0
241.42,Credit,Online,57.0,Doctor,116.0,1.0,13357.02,High,2
55.31999999999999,Debit,ATM,19.0,Student,117.0,1.0,241.78999999999996,Low,1
304.31,Debit,Branch,27.0,Student,33.0,1.0,868.6099999999997,Low,1
164.49,Debit,Branch,26.0,Student,75.0,1.0,1509.27,Low,1
510.24,Debit,Online,19.0,Student,105.0,1.0,781.6999999999998,Low,1
626.9,Debit,Online,26.0,Student,138.0,1.0,265.5100000000002,Low,1
425.34,Credit,Online,69.0,Retired,121.0,1.0,3907.54,High,2
85.43,Debit,Branch,67.0,Doctor,145.0,1.0,14904.899999999998,High,2
169.5,Debit,Branch,28.0,Student,142.0,1.0,918.8800000000001,Low,1
104.63,Debit,ATM,62.0,Retired,90.0,1.0,4477.78,High,2
316.95,Debit,Branch,25.0,Student,83.0,1.0,1324.0299999999997,Low,1
60.53999999999999,Credit,Branch,57.0,Retired,52.0,1.0,3534.93,High,2
292.56,Credit,Branch,68.0,Retired,61.0,1.0,4638.37,High,2
386.52,Debit,Branch,48.0,Engineer,28.0,1.0,5630.61,Medium,0
112.07,Debit,Branch,23.0,Student,51.0,1.0,930.3000000000002,Low,1
349.64,Debit,Online,48.0,Engineer,226.0,1.0,6651.62,Medium,0
601.4,Credit,Branch,56.0,Engineer,104.0,1.0,8458.29,High,2
5.769999999999982,Debit,Online,50.0,Doctor,124.0,1.0,13988.119999999999,Medium,0
201.33,Credit,Branch,42.0,Engineer,186.0,1.0,2585.07,Medium,0
298.42,Debit,Branch,56.0,Retired,225.0,1.0,3014.75,High,2
521.06,Debit,Branch,25.0,Student,128.0,1.0,1951.42,Low,1
117.28,Credit,Online,60.0,Engineer,16.0,1.0,3665.77,High,2
133.55,Debit,ATM,44.0,Engineer,220.0,1.0,3846.28,Medium,0
143.21000000000004,Debit,Online,35.0,Engineer,135.0,1.0,6374.82,Medium,0
24.769999999999982,Debit,ATM,62.0,Retired,55.0,1.0,5866.01,High,2
233.92,Credit,Online,26.0,Student,280.0,1.0,6537.62,Low,1
91.53,Debit,Branch,44.0,Doctor,69.0,1.0,14676.05,Medium,0
120.29000000000002,Debit,Branch,19.0,Student,77.0,1.0,1362.3900000000003,Low,1
174.25,Debit,Online,50.0,Doctor,67.0,1.0,10528.34,Medium,0
183.71,Debit,ATM,38.0,Engineer,102.0,1.0,552.5199999999995,Medium,0
259.91,Debit,Online,49.0,Doctor,170.0,1.0,7176.86,Medium,0
154.71,Debit,Online,34.0,Doctor,157.0,1.0,1523.7200000000003,Medium,0
24.560000000000002,Debit,Branch,64.0,Doctor,69.0,1.0,9869.93,High,2
9.609999999999985,Credit,Online,58.0,Doctor,179.0,1.0,12883.91,High,2
392.96,Debit,Online,24.0,Student,100.0,1.0,791.6499999999996,Low,1
716.93,Credit,Online,60.0,Retired,34.0,1.0,4064.02,High,2
230.66,Debit,Branch,21.0,Student,135.0,1.0,618.0500000000002,Low,1
644.17,Debit,ATM,29.0,Engineer,72.0,1.0,1143.52,Low,0
508.68,Credit,Branch,51.0,Engineer,127.0,1.0,7708.41,Medium,0
858.6300000000001,Credit,Branch,27.0,Student,185.0,1.0,1872.96,Low,1
25.360000000000014,Debit,ATM,57.0,Engineer,78.0,1.0,201.03999999999996,High,2
147.62,Debit,Branch,71.0,Retired,133.0,1.0,2115.8,High,2
115.01999999999998,Debit,Branch,37.0,Doctor,175.0,1.0,7643.66,Medium,0
383.37,Debit,Branch,30.0,Engineer,24.0,1.0,8901.93,Low,0
196.16,Debit,Branch,27.0,Engineer,146.0,1.0,9418.86,Low,0
129.94,Debit,ATM,32.0,Engineer,235.0,1.0,7954.92,Low,0
306.9,Debit,Online,46.0,Engineer,51.0,1.0,9418.08,Medium,0
114.98000000000002,Debit,Online,59.0,Retired,80.0,1.0,6144.68,High,2
756.5900000000001,Debit,Branch,27.0,Student,17.0,1.0,420.64999999999964,Low,1
503.76,Debit,Online,21.999999999999996,Student,35.0,1.0,447.8199999999997,Low,1
143.03,Debit,ATM,63.0,Retired,147.0,1.0,7981.45,High,2
254.37,Credit,Online,51.0,Engineer,174.0,1.0,8849.26,Medium,0
213.76,Credit,ATM,78.0,Retired,282.0,1.0,3528.72,High,2
327.86,Debit,Online,40.0,Engineer,104.0,1.0,480.15999999999985,Medium,0
2.5000000000000284,Debit,Online,47.0,Doctor,107.0,1.0,12145.27,Medium,0
300.08,Credit,Online,68.0,Doctor,47.0,1.0,13546.75,High,2
115.82999999999998,Debit,Branch,39.0,Engineer,167.0,1.0,6481.04,Medium,0
53.56999999999999,Debit,ATM,69.0,Retired,121.0,1.0,1651.33,High,2
63.34,Credit,Online,46.0,Doctor,165.0,1.0,11174.94,Medium,0
331.65,Debit,Online,41.0,Engineer,61.0,1.0,4172.57,Medium,0
5.039999999999992,Debit,ATM,56.0,Retired,41.0,1.0,5558.36,High,2
214.54,Credit,Online,70.0,Doctor,247.0,1.0,11151.53,High,2
598.81,Debit,Branch,57.0,Doctor,158.0,1.0,1415.52,High,2
841.28,Debit,Online,26.0,Student,80.0,1.0,1103.6400000000008,Low,1
38.150000000000006,Debit,Online,26.0,Student,108.0,1.0,303.6800000000003,Low,1
124.72,Debit,Branch,33.0,Engineer,105.0,1.0,6309.8,Medium,0
302.45,Credit,Branch,78.0,Retired,40.000000000000014,1.0,5133.61,High,2
208.04,Debit,Online,47.0,Engineer,273.0,1.0,9344.98,Medium,0
5.769999999999982,Credit,Branch,23.0,Student,254.0,1.0,1117.9700000000003,Low,1
381.33,Debit,ATM,56.0,Doctor,75.0,1.0,11835.35,High,2
16.159999999999997,Debit,ATM,50.0,Doctor,124.0,1.0,14401.169999999998,Medium,0
486.08,Debit,Online,18.0,Student,68.0,1.0,1748.69,Low,1
336.39,Debit,Branch,21.0,Student,17.999999999999986,1.0,1000.46,Low,1
234.57,Debit,Online,23.0,Student,120.0,1.0,263.9800000000005,Low,1
6.000000000000028,Debit,Online,30.0,Doctor,246.0,1.0,5442.76,Low,0
227.14,Debit,ATM,18.0,Student,294.0,1.0,341.9399999999996,Low,1
45.849999999999994,Debit,ATM,20.0,Student,92.0,1.0,1659.15,Low,1
415.5,Debit,ATM,66.0,Doctor,141.0,1.0,10113.66,High,2
265.76,Debit,Online,54.0,Retired,92.0,1.0,4446.17,Medium,0
69.4,Debit,Online,80.0,Retired,113.0,1.0,6452.77,High,2
332.93,Credit,Branch,35.0,Engineer,293.0,1.0,2788.2,Medium,0
267.9,Debit,Online,20.0,Student,160.0,1.0,596.1599999999999,Low,1
496.03,Debit,Branch,61.0,Doctor,265.0,1.0,12904.66,High,2
376.26,Debit,ATM,37.0,Engineer,245.0,1.0,9062.4,Medium,0
83.01999999999998,Credit,Online,36.0,Engineer,171.0,1.0,9009.56,Medium,0
93.25999999999999,Credit,Online,20.0,Student,72.0,1.0,1152.1999999999994,Low,1
803.3700000000001,Credit,Branch,68.0,Doctor,129.0,1.0,12168.37,High,2
35.75999999999996,Debit,Branch,23.0,Student,122.0,1.0,611.8599999999997,Low,1
28.53000000000003,Debit,Online,62.0,Doctor,99.0,1.0,8670.53,High,2
139.53000000000003,Credit,Online,53.0,Doctor,177.0,1.0,10098.86,Medium,0
307.57,Debit,Branch,33.0,Doctor,285.0,1.0,5307.74,Medium,0
60.650000000000006,Credit,Branch,56.0,Retired,53.0,1.0,1047.2800000000002,High,2
74.86000000000001,Debit,Branch,70.0,Doctor,125.0,1.0,6921.48,High,2
231.91,Debit,ATM,34.0,Engineer,165.0,1.0,112.76000000000022,Medium,0
126.20999999999998,Debit,Branch,75.0,Retired,268.0,1.0,5669.66,High,2
304.35,Debit,Branch,31.0,Engineer,36.0,1.0,4057.1,Low,0
281.85,Debit,ATM,21.999999999999996,Student,109.0,1.0,1585.98,Low,1
777.8800000000001,Debit,Branch,31.0,Engineer,17.0,1.0,6825.55,Low,0
119.18,Debit,Branch,56.0,Retired,96.0,1.0,5516.5,High,2
177.19,Debit,Online,76.0,Retired,43.0,1.0,5343.3,High,2
260.88,Debit,Branch,21.999999999999996,Student,36.0,1.0,903.0500000000002,Low,1
169.47,Debit,Online,24.0,Student,19.0,1.0,1806.1599999999999,Low,1
73.23000000000002,Debit,Branch,26.0,Student,14.0,1.0,787.7399999999998,Low,1
792.5700000000002,Debit,ATM,19.0,Student,164.0,1.0,770.3699999999999,Low,1
237.06,Debit,Online,71.0,Retired,46.0,1.0,1182.77,High,2
34.170000000000016,Credit,Online,54.0,Engineer,54.0,1.0,726.5500000000002,Medium,0
740.25,Debit,Online,41.0,Doctor,123.0,1.0,14464.3,Medium,0
453.54,Debit,ATM,58.0,Doctor,82.0,1.0,12046.3,High,2
300.47,Debit,Branch,73.0,Retired,100.0,1.0,7885.64,High,2
110.93,Credit,Branch,19.0,Student,201.0,1.0,1952.35,Low,1
201.69,Debit,ATM,59.0,Doctor,299.0,1.0,7328.52,High,2
399.21,Debit,ATM,59.0,Engineer,109.0,1.0,3210.39,High,2
630.36,Debit,ATM,62.0,Retired,52.0,1.0,1363.65,High,2
10.940000000000026,Credit,ATM,60.0,Engineer,245.0,1.0,1241.9899999999998,High,2
215.9,Debit,ATM,38.0,Doctor,235.0,1.0,7873.28,Medium,0
444.89,Credit,Branch,43.0,Doctor,101.0,1.0,10328.23,Medium,0
280.57,Credit,Online,25.0,Student,24.0,1.0,293.2399999999998,Low,1
3.299999999999983,Credit,Branch,50.0,Doctor,131.0,1.0,11385.37,Medium,0
20.359999999999985,Debit,Branch,62.0,Retired,75.0,1.0,2762.48,High,2
493.11,Debit,Branch,53.0,Retired,236.0,1.0,7432.99,Medium,0
307.41,Debit,ATM,19.0,Student,14.0,1.0,1057.0000000000005,Low,1
11.180000000000007,Debit,Online,43.0,Doctor,161.0,1.0,5956.89,Medium,0
313.82,Debit,Branch,59.0,Engineer,151.0,1.0,7261.59,High,2
288.04,Debit,ATM,68.0,Retired,63.0,1.0,1748.02,High,2
800.55,Debit,ATM,31.0,Engineer,108.0,1.0,9660.22,Low,0
485.54,Debit,ATM,46.0,Engineer,143.0,1.0,6371.51,Medium,0
521.15,Debit,ATM,54.0,Doctor,214.0,1.0,9442.47,Medium,0
304.93,Debit,ATM,65.0,Doctor,158.0,1.0,13531.219999999998,High,2
694.2,Debit,ATM,61.0,Retired,72.0,1.0,1389.37,High,2
116.86000000000001,Debit,ATM,55.0,Engineer,171.0,1.0,6706.56,Medium,0
74.88,Debit,ATM,25.0,Student,202.0,1.0,420.6700000000001,Low,1
890.24,Credit,Online,33.0,Engineer,161.0,1.0,5140.93,Medium,0
361.27,Debit,ATM,63.0,Doctor,180.0,1.0,7945.57,High,2
131.56,Debit,Branch,44.0,Doctor,42.0,1.0,5873.54,Medium,0
485.51,Credit,Online,76.0,Retired,37.0,1.0,3074.45,High,2
547.87,Debit,ATM,64.0,Retired,131.0,1.0,6155.76,High,2
457.3,Debit,Online,28.0,Engineer,15.0,1.0,8318.29,Low,0
506.24,Debit,ATM,58.0,Engineer,64.0,1.0,230.09000000000015,High,2
486.59,Debit,Branch,57.0,Retired,119.0,1.0,2513.56,High,2
163.68,Debit,Branch,41.0,Doctor,292.0,1.0,10090.05,Medium,0
581.65,Debit,ATM,21.999999999999996,Student,176.0,1.0,480.1899999999996,Low,1
523.74,Debit,ATM,43.0,Doctor,159.0,1.0,13498.55,Medium,0
91.48000000000002,Debit,ATM,51.0,Doctor,141.0,1.0,14942.779999999999,Medium,0
5.249999999999972,Debit,ATM,39.0,Doctor,49.0,1.0,14143.32,Medium,0
54.03,Credit,ATM,56.0,Retired,161.0,1.0,6736.3,High,2
736.73,Debit,Branch,48.0,Engineer,10.0,1.0,3313.07,Medium,0
33.06,Credit,Online,53.0,Retired,170.0,1.0,1540.87,Medium,0
66.5,Credit,Online,32.0,Engineer,144.0,1.0,6820.23,Low,0
588.54,Debit,Branch,32.0,Engineer,130.0,1.0,714.4499999999998,Low,0
173.5,Debit,ATM,21.0,Student,282.0,1.0,1306.9099999999999,Low,1
78.32999999999998,Credit,Online,56.0,Engineer,189.0,1.0,7255.33,High,2
40.66,Debit,Branch,59.0,Retired,156.0,1.0,1153.8400000000006,High,2
97.22,Credit,Branch,77.0,Retired,55.0,1.0,6647.73,High,2
34.06999999999999,Debit,Branch,21.999999999999996,Student,81.0,1.0,8709.77,Low,1
492.05999999999995,Debit,Online,23.0,Student,74.0,1.0,857.8999999999996,Low,1
842.01,Credit,Online,53.0,Doctor,185.0,1.0,509.4499999999998,Medium,0
73.55000000000001,Debit,ATM,51.0,Engineer,158.0,1.0,2812.06,Medium,0
760.53,Debit,Online,57.0,Engineer,118.0,1.0,6179.91,High,2
371.69,Debit,Branch,67.0,Retired,143.0,1.0,3484.32,High,2
218.96,Debit,ATM,18.0,Student,13.0,1.0,754.21,Low,1
227.39,Debit,Online,18.0,Student,65.0,1.0,751.0900000000001,Low,1
237.99,Credit,Branch,39.0,Doctor,86.0,1.0,8510.09,Medium,0
341.15,Debit,Online,18.0,Student,148.0,1.0,511.3699999999999,Low,1
434.58,Debit,ATM,59.0,Doctor,215.0,1.0,12648.32,High,2
312.88,Credit,Branch,54.0,Engineer,44.0,1.0,233.21000000000004,Medium,0
75.15,Debit,ATM,23.0,Student,154.0,1.0,1092.9200000000005,Low,1
23.30000000000001,Debit,ATM,59.0,Engineer,161.0,1.0,6711.15,High,2
47.379999999999995,Credit,Online,25.0,Student,61.0,1.0,459.3699999999999,Low,1
488.15,Debit,Branch,43.0,Engineer,168.0,1.0,7071.09,Medium,0
12.819999999999993,Debit,ATM,44.0,Engineer,156.0,1.0,9045.19,Medium,0
535.91,Debit,Online,43.0,Engineer,22.0,1.0,9642.12,Medium,0
270.72,Credit,Online,26.0,Engineer,53.0,1.0,6263.96,Low,0
97.98000000000002,Debit,Branch,72.0,Retired,17.999999999999986,1.0,7460.33,High,2
196.08,Debit,Online,61.0,Retired,98.0,1.0,4233.82,High,2
251.18,Debit,ATM,42.0,Engineer,246.0,1.0,8303.9,Medium,0
44.52000000000001,Debit,Online,28.0,Student,205.0,1.0,314.27999999999975,Low,1
178.87,Debit,Online,35.0,Doctor,180.0,1.0,5241.23,Medium,0
386.68,Debit,Branch,46.0,Doctor,128.0,1.0,6863.06,Medium,0
167.14,Debit,Online,76.0,Retired,20.0,1.0,3877.73,High,2
345.22,Debit,Branch,69.0,Retired,253.0,1.0,4046.58,High,2
74.85,Debit,ATM,72.0,Retired,117.0,1.0,2409.73,High,2
671.73,Debit,Branch,58.0,Engineer,54.0,1.0,5211.88,High,2
255.04,Debit,ATM,45.0,Engineer,152.0,1.0,6217.86,Medium,0
45.77000000000001,Debit,Online,25.0,Student,109.0,1.0,5978.12,Low,1
329.69,Credit,Online,26.0,Student,66.0,1.0,1671.6599999999999,Low,1
47.420000000000016,Debit,ATM,64.0,Doctor,28.0,1.0,8253.52,High,2
35.99000000000001,Debit,Branch,63.0,Retired,129.0,1.0,4489.79,High,2
151.19,Credit,Branch,37.0,Doctor,96.0,1.0,11903.82,Medium,0
242.62,Credit,Online,21.999999999999996,Student,234.0,1.0,483.0199999999995,Low,1
48.72,Debit,Branch,21.0,Student,17.0,1.0,816.0799999999999,Low,1
43.46000000000001,Debit,ATM,25.0,Student,80.0,1.0,578.0600000000004,Low,1
443.79,Debit,ATM,53.0,Retired,87.0,1.0,3133.85,Medium,0
365.14,Debit,Online,68.0,Retired,57.0,1.0,5894.09,High,2
757.41,Debit,ATM,21.999999999999996,Student,37.0,1.0,9532.42,Low,1
20.539999999999992,Debit,Branch,51.0,Engineer,72.0,1.0,5327.03,Medium,0
475.36,Debit,ATM,34.0,Engineer,105.0,1.0,2000.6,Medium,0
34.74000000000001,Debit,ATM,56.0,Retired,24.0,1.0,6827.57,High,2
211.18,Debit,ATM,73.0,Retired,90.0,1.0,4069.17,High,2
211.36,Credit,Branch,51.0,Engineer,286.0,1.0,7943.47,Medium,0
744.41,Credit,Online,39.0,Engineer,107.0,1.0,8842.47,Medium,0
61.43000000000001,Debit,Online,24.0,Student,170.0,1.0,1882.77,Low,1
167.44,Debit,Branch,37.0,Doctor,82.0,1.0,12526.71,Medium,0
361.46,Debit,Online,21.0,Student,83.0,1.0,4737.84,Low,1
378.85,Debit,Branch,78.0,Retired,126.0,1.0,2300.53,High,2
241.11,Debit,Branch,30.0,Doctor,55.0,1.0,12385.05,Low,0
131.93,Credit,Branch,31.0,Engineer,13.0,1.0,4547.06,Low,0
485.54,Debit,Online,19.0,Student,148.0,1.0,1533.3199999999997,Low,1
321.15,Debit,Branch,46.0,Doctor,179.0,1.0,7005.05,Medium,0
711.3,Debit,Branch,21.0,Student,51.0,1.0,955.3999999999996,Low,1
12.22999999999999,Debit,ATM,42.0,Engineer,139.0,1.0,7844.88,Medium,0
350.94,Debit,ATM,20.0,Student,64.0,1.0,221.5600000000004,Low,1
301.85,Debit,Online,54.0,Engineer,25.0,1.0,6586.19,Medium,0
29.340000000000003,Debit,Online,65.0,Retired,30.0,1.0,3944.82,High,2
231.71,Debit,Branch,27.0,Student,148.0,1.0,1127.9799999999996,Low,1
179.43,Debit,ATM,58.0,Retired,244.0,1.0,2626.63,High,2
36.71000000000001,Debit,Branch,48.0,Doctor,55.0,1.0,6459.38,Medium,0
138.12,Credit,Branch,53.0,Doctor,281.0,1.0,1649.69,Medium,0
233.24,Debit,ATM,33.0,Engineer,72.0,1.0,6939.23,Medium,0
436.64,Debit,Branch,31.0,Doctor,111.0,1.0,14365.18,Low,0
870.4300000000001,Debit,Branch,29.0,Doctor,55.0,1.0,10115.18,Low,0
354.4,Debit,ATM,74.0,Retired,128.0,1.0,7358.65,High,2
22.629999999999995,Debit,Online,53.0,Engineer,112.0,1.0,4438.03,Medium,0
182.19,Debit,Branch,26.0,Student,53.0,1.0,1176.0999999999995,Low,1
126.81,Debit,Branch,26.0,Engineer,290.0,1.0,5427.98,Low,0
288.17,Debit,Online,37.0,Engineer,50.0,1.0,3653.11,Medium,0
118.76999999999998,Debit,Branch,55.0,Engineer,123.0,1.0,2104.82,Medium,0
651.82,Debit,ATM,21.0,Student,166.0,1.0,1802.77,Low,1
66.65,Debit,ATM,37.0,Engineer,33.0,1.0,3559.96,Medium,0
98.53,Debit,Branch,69.0,Retired,166.0,1.0,3564.8,High,2
138.95,Debit,Online,71.0,Retired,30.0,1.0,6752.92,High,2
33.890000000000015,Debit,Branch,26.0,Student,177.0,1.0,1444.75,Low,1
23.710000000000008,Debit,Branch,58.0,Doctor,164.0,1.0,10788.89,High,2
26.06000000000003,Debit,ATM,65.0,Doctor,283.0,1.0,12893.63,High,2
17.069999999999993,Debit,Branch,27.0,Engineer,44.0,1.0,2798.15,Low,0
703.8899999999999,Debit,Online,46.0,Engineer,62.0,1.0,3583.67,Medium,0
26.549999999999983,Debit,ATM,77.0,Retired,228.0,1.0,3085.38,High,2
147.4,Debit,Branch,42.0,Engineer,259.0,1.0,6797.71,Medium,0
202.11,Debit,ATM,27.0,Student,17.999999999999986,1.0,746.4700000000003,Low,1
308.42,Debit,Branch,75.0,Retired,39.0,1.0,5427.81,High,2
11.180000000000007,Debit,ATM,53.0,Engineer,144.0,1.0,7467.3,Medium,0
294.15,Debit,Online,38.0,Engineer,136.0,1.0,6362.16,Medium,0
139.45,Debit,Online,27.0,Student,31.0,1.0,1305.7600000000002,Low,1
432.63,Debit,ATM,29.0,Doctor,137.0,1.0,13648.36,Low,0
131.43,Debit,Online,43.0,Doctor,65.0,1.0,1337.5,Medium,0
516.72,Debit,ATM,42.0,Engineer,128.0,1.0,2015.69,Medium,0
374.5,Credit,Branch,26.0,Student,178.0,1.0,1671.5100000000002,Low,1
166.13,Debit,ATM,68.0,Doctor,227.0,1.0,11822.53,High,2
626.9,Debit,ATM,23.0,Student,146.0,1.0,587.1099999999997,Low,1
466.85,Debit,Branch,56.0,Retired,165.0,1.0,5422.53,High,2
788.8400000000001,Debit,Online,58.0,Retired,231.0,1.0,1913.73,High,2
525.28,Debit,ATM,69.0,Retired,134.0,1.0,4693.6,High,2
632.69,Debit,ATM,80.0,Retired,76.0,1.0,4363.74,High,2
124.35,Debit,ATM,72.0,Retired,90.0,1.0,3319.76,High,2
43.849999999999994,Debit,ATM,62.0,Retired,122.0,1.0,4356.98,High,2
283.81,Debit,Branch,28.0,Student,29.000000000000014,1.0,1519.35,Low,1
168.53,Debit,ATM,71.0,Retired,112.0,1.0,5962.58,High,2
218.59,Credit,Branch,40.0,Engineer,123.0,1.0,6699.23,Medium,0
132.84000000000003,Debit,ATM,21.0,Student,143.0,1.0,822.7300000000005,Low,1
157.37,Credit,Branch,42.0,Doctor,289.0,1.0,13964.309999999998,Medium,0
144.76999999999998,Debit,Online,20.0,Student,159.0,1.0,867.3199999999997,Low,1
643.22,Debit,ATM,64.0,Doctor,93.0,1.0,1035.8599999999992,High,2
208.07,Debit,Online,32.0,Doctor,36.0,1.0,8478.9,Low,0
295.5,Debit,ATM,59.0,Retired,36.0,1.0,6280.66,High,2
30.22999999999999,Debit,ATM,44.0,Doctor,99.0,1.0,481.1300000000001,Medium,0
180.24,Debit,Branch,58.0,Engineer,144.0,1.0,8431.23,High,2
13.710000000000036,Credit,Online,38.0,Engineer,148.0,1.0,8342.79,Medium,0
96.54000000000002,Debit,Branch,58.0,Retired,95.0,1.0,7182.22,High,2
101.04000000000002,Debit,ATM,27.0,Student,160.0,1.0,1695.5699999999997,Low,1
39.66,Debit,Branch,52.0,Engineer,169.0,1.0,8497.34,Medium,0
99.36000000000001,Debit,ATM,40.0,Doctor,46.0,1.0,1272.12,Medium,0
123.85,Debit,Online,56.0,Engineer,244.0,1.0,3959.62,High,2
426.93,Debit,ATM,19.0,Student,248.0,1.0,476.1899999999996,Low,1
133.73,Credit,Online,25.0,Student,123.0,1.0,1872.2200000000003,Low,1
222.39,Debit,Online,49.0,Engineer,73.0,1.0,3117.3900000000003,Medium,0
215.94,Credit,Online,21.999999999999996,Student,140.0,1.0,1841.69,Low,1
131.46,Debit,Branch,67.0,Retired,258.0,1.0,6642.33,High,2
202.86,Credit,Branch,61.0,Doctor,149.0,1.0,7642.25,High,2
268.39,Debit,ATM,26.0,Student,171.0,1.0,136.73999999999978,Low,1
353.82,Debit,ATM,42.0,Doctor,143.0,1.0,705.75,Medium,0
364.42,Debit,ATM,51.0,Engineer,146.0,1.0,8119.73,Medium,0
195.12,Debit,ATM,46.0,Doctor,144.0,1.0,6101.15,Medium,0
230.61,Debit,Branch,80.0,Retired,204.0,1.0,2561.42,High,2
739.28,Credit,Branch,58.0,Doctor,47.0,1.0,11905.64,High,2
390.35,Credit,ATM,64.0,Doctor,61.0,1.0,7095.88,High,2
242.03,Debit,Online,58.0,Engineer,124.0,1.0,4382.73,High,2
242.39,Credit,ATM,18.0,Student,271.0,1.0,1328.73,Low,1
135.02999999999997,Debit,ATM,23.0,Student,180.0,1.0,1278.0,Low,1
193.54,Debit,Branch,80.0,Retired,267.00000000000006,1.0,2929.51,High,2
775.23,Credit,Online,59.0,Doctor,38.0,1.0,5977.59,High,2
266.57,Debit,ATM,72.0,Retired,100.0,1.0,7676.92,High,2
153.4,Debit,ATM,45.0,Engineer,144.0,1.0,4657.7,Medium,0
5.120000000000033,Debit,Branch,34.0,Engineer,90.0,1.0,3293.01,Medium,0
119.11000000000001,Debit,ATM,57.0,Engineer,131.0,1.0,7998.25,High,2
119.72,Debit,Branch,30.0,Engineer,123.0,1.0,3435.34,Low,0
107.4,Debit,Online,58.0,Doctor,32.0,1.0,344.0699999999997,High,2
115.92000000000002,Debit,ATM,53.0,Retired,57.0,1.0,3897.17,Medium,0
438.04,Debit,ATM,67.0,Retired,247.0,1.0,5358.95,High,2
677.29,Debit,Online,27.0,Engineer,287.0,1.0,627.79,Low,1
296.0,Debit,Branch,35.0,Doctor,248.0,1.0,7418.82,Medium,0
299.09,Credit,Branch,36.0,Engineer,84.0,1.0,5615.26,Medium,0
461.52,Credit,Branch,24.0,Student,44.0,1.0,1995.1800000000003,Low,1
100.51999999999998,Debit,ATM,50.0,Engineer,110.0,1.0,453.3900000000003,Medium,0
85.35,Debit,ATM,66.0,Retired,166.0,1.0,2173.76,High,2
79.75999999999999,Debit,Branch,39.0,Engineer,170.0,1.0,6452.14,Medium,0
778.49,Credit,Online,75.0,Retired,107.0,1.0,7713.67,High,2
386.38,Debit,Online,42.0,Engineer,135.0,1.0,5528.36,Medium,0
14.289999999999964,Debit,ATM,34.0,Engineer,150.0,1.0,7016.99,Medium,0
232.79,Credit,Branch,55.0,Retired,145.0,1.0,2661.3,Medium,0
293.97,Debit,Branch,68.0,Retired,153.0,1.0,7371.85,High,2
136.32,Debit,Online,19.0,Student,113.0,1.0,264.8299999999999,Low,1
251.06,Debit,Online,36.0,Doctor,34.0,1.0,10001.66,Medium,0
50.170000000000016,Credit,ATM,77.0,Retired,35.0,1.0,7752.14,High,2
21.400000000000006,Debit,Branch,34.0,Engineer,258.0,1.0,9594.11,Medium,0
73.28,Debit,Branch,21.0,Student,21.0,1.0,1329.4099999999999,Low,1
70.23000000000002,Debit,ATM,38.0,Doctor,260.0,1.0,11624.93,Medium,0
689.29,Debit,ATM,21.999999999999996,Student,100.0,1.0,168.84000000000015,Low,1
745.03,Debit,Online,28.0,Student,231.0,1.0,160.5699999999997,Low,1
54.610000000000014,Debit,ATM,58.0,Engineer,160.0,1.0,7135.64,High,2
54.05000000000001,Debit,Branch,27.0,Student,146.0,1.0,469.1400000000003,Low,1
107.47,Debit,Online,67.0,Retired,144.0,1.0,7517.5,High,2
219.63,Debit,ATM,48.0,Doctor,44.0,1.0,8013.63,Medium,0
93.51999999999998,Debit,Online,51.0,Engineer,97.0,1.0,2791.2,Medium,0
275.92,Credit,Branch,62.0,Retired,107.0,1.0,1777.38,High,2
376.79,Debit,Branch,68.0,Retired,265.0,1.0,7749.14,High,2
697.32,Debit,Online,68.0,Retired,91.0,1.0,2016.02,High,2
442.74,Debit,Branch,23.0,Student,136.0,1.0,1790.27,Low,1
623.9,Debit,ATM,27.0,Student,249.0,1.0,711.4700000000003,Low,1
63.41,Debit,ATM,26.0,Student,36.0,1.0,1546.2200000000003,Low,1
346.85,Debit,ATM,44.0,Doctor,88.0,1.0,7208.15,Medium,0
7.5,Debit,Online,63.0,Retired,36.0,1.0,6485.78,High,2
206.46,Debit,ATM,65.0,Retired,279.0,1.0,3984.38,High,2
423.11,Debit,ATM,60.0,Engineer,47.0,1.0,412.77999999999975,High,2
35.84,Credit,Online,54.0,Retired,172.0,1.0,4795.65,Medium,0
88.6,Credit,Branch,28.0,Student,105.0,1.0,246.5699999999997,Low,1
22.460000000000008,Debit,Online,54.0,Retired,78.0,1.0,6631.5,Medium,0
334.89,Debit,Online,21.0,Student,260.0,1.0,1661.6800000000003,Low,1
319.27,Credit,Online,54.0,Retired,59.0,1.0,5504.01,Medium,0
144.3,Debit,ATM,18.0,Student,88.0,1.0,312.1899999999996,Low,1
348.7,Credit,Branch,69.0,Retired,149.0,1.0,2445.58,High,2
366.21,Debit,ATM,62.0,Doctor,181.0,1.0,10862.99,High,2
99.11000000000001,Debit,Online,55.0,Retired,12.0,1.0,5414.87,Medium,0
539.35,Debit,ATM,55.0,Retired,127.0,1.0,3919.44,Medium,0
188.99,Debit,Branch,58.0,Engineer,92.0,1.0,7315.34,High,2
710.1400000000001,Debit,ATM,26.0,Student,227.0,1.0,465.6300000000001,Low,1
308.68,Debit,Online,53.0,Doctor,170.0,1.0,9992.36,Medium,0
166.68,Debit,ATM,57.0,Retired,139.0,1.0,5141.19,High,2
66.57999999999998,Debit,Branch,23.0,Student,79.0,1.0,1636.3199999999997,Low,1
223.43,Debit,Branch,77.0,Retired,178.0,1.0,7932.41,High,2
659.95,Debit,Online,60.0,Engineer,114.0,1.0,3927.69,High,2
634.86,Debit,ATM,27.0,Student,45.0,1.0,588.5,Low,1
286.5,Credit,Branch,30.0,Engineer,60.0,1.0,8517.95,Low,0
322.96,Credit,Branch,76.0,Retired,168.0,1.0,2401.59,High,2
654.48,Debit,Branch,19.0,Student,114.0,1.0,6776.41,Low,1
157.97,Debit,Branch,48.0,Doctor,140.0,1.0,5529.92,Medium,0
254.77,Debit,Branch,57.0,Engineer,57.0,1.0,5994.87,High,2
795.96,Debit,Online,65.0,Retired,119.0,1.0,5468.58,High,2
149.25,Debit,ATM,39.0,Engineer,142.0,1.0,5677.52,Medium,0
68.19,Credit,Online,40.0,Doctor,189.0,1.0,9895.1,Medium,0
37.57000000000002,Debit,ATM,57.0,Retired,42.0,1.0,7739.54,High,2
448.33,Debit,ATM,25.0,Student,161.0,1.0,922.1899999999996,Low,1
8.650000000000006,Debit,Online,48.0,Doctor,273.0,1.0,10778.35,Medium,0
539.81,Debit,Online,46.0,Engineer,177.0,1.0,2051.25,Medium,0
363.53,Debit,ATM,63.0,Retired,142.0,1.0,1038.9099999999999,High,2
64.9,Credit,Branch,51.0,Retired,72.0,1.0,6854.61,Medium,0
358.18,Debit,ATM,18.0,Student,157.0,1.0,619.8599999999997,Low,1
167.2,Debit,Branch,30.0,Doctor,84.0,1.0,11320.83,Low,0
121.91,Debit,Branch,60.0,Doctor,133.0,1.0,14510.8,High,2
137.57,Debit,Online,54.0,Engineer,70.0,1.0,5103.67,Medium,0
534.62,Debit,Online,55.0,Doctor,45.0,1.0,13793.529999999999,Medium,0
463.92,Debit,Online,50.0,Engineer,199.0,1.0,2403.39,Medium,0
320.14,Debit,Online,60.0,Retired,96.0,1.0,3075.9700000000003,High,2
214.93,Debit,Online,28.0,Student,52.0,1.0,7835.4,Low,1
660.02,Debit,Branch,20.0,Student,84.0,1.0,414.4300000000003,Low,1
345.81,Debit,Branch,40.0,Engineer,135.0,1.0,6116.8,Medium,0
143.54000000000002,Debit,ATM,71.0,Retired,80.0,1.0,6067.62,High,2
541.79,Debit,ATM,21.999999999999996,Student,125.0,1.0,1454.08,Low,1
40.56999999999999,Debit,Branch,26.0,Student,63.0,1.0,1476.9099999999999,Low,1
498.67,Debit,Online,28.0,Student,244.0,1.0,1719.9700000000003,Low,1
227.22,Debit,ATM,53.0,Doctor,220.0,1.0,832.8199999999997,Medium,0
59.44,Debit,Online,35.0,Engineer,176.0,1.0,5472.03,Medium,0
230.46,Debit,Online,19.0,Student,179.0,1.0,162.52999999999975,Low,1
65.09,Credit,Online,44.0,Engineer,159.0,1.0,9370.9,Medium,0
457.09,Credit,Online,55.0,Engineer,63.0,1.0,8570.82,Medium,0
552.02,Credit,ATM,44.0,Engineer,100.0,1.0,522.0799999999999,Medium,0
377.12,Debit,ATM,34.0,Engineer,61.0,1.0,836.6700000000001,Medium,0
204.56,Credit,Branch,18.0,Student,179.0,1.0,364.72000000000025,Low,1
420.28,Debit,Branch,35.0,Doctor,144.0,1.0,8557.32,Medium,0
124.59,Debit,Branch,27.0,Student,171.0,1.0,129.28999999999996,Low,1
73.88,Debit,Online,39.0,Doctor,34.0,1.0,6474.41,Medium,0
245.93,Debit,Branch,54.0,Engineer,172.0,1.0,7986.63,Medium,0
622.41,Debit,ATM,64.0,Doctor,125.0,1.0,7322.01,High,2
43.72999999999999,Debit,ATM,34.0,Doctor,145.0,1.0,9929.43,Medium,0
2.030000000000001,Credit,ATM,33.0,Engineer,28.0,1.0,3012.31,Medium,0
770.6500000000001,Debit,Online,31.0,Doctor,137.0,1.0,7198.8,Low,0
260.31,Debit,Branch,63.0,Doctor,113.0,1.0,10980.38,High,2
356.1,Credit,Branch,26.0,Student,187.0,1.0,868.3500000000004,Low,1
27.069999999999993,Credit,Branch,80.0,Retired,39.0,1.0,3773.29,High,2
119.88999999999999,Debit,ATM,67.0,Doctor,60.0,1.0,6697.77,High,2
106.38999999999999,Debit,Online,37.0,Doctor,281.0,1.0,9410.99,Medium,0
12.04000000000002,Debit,Online,37.0,Engineer,58.00000000000001,1.0,6213.32,Medium,0
29.379999999999995,Credit,Branch,28.0,Student,63.0,1.0,1663.31,Low,1
319.85,Debit,ATM,60.0,Doctor,148.0,1.0,711.6599999999999,High,2
350.14,Credit,Online,75.0,Retired,38.0,1.0,2403.25,High,2
163.94,Credit,Branch,52.0,Retired,73.0,1.0,5957.37,Medium,0
170.53,Debit,Branch,24.0,Student,58.00000000000001,1.0,801.0100000000002,Low,1
41.49000000000001,Debit,Online,24.0,Student,13.0,1.0,928.3299999999999,Low,1
121.43,Credit,Branch,52.0,Engineer,243.0,1.0,7365.28,Medium,0
350.46,Debit,Branch,51.0,Retired,165.0,1.0,5839.38,Medium,0
220.41,Credit,Online,26.0,Engineer,155.0,1.0,5116.98,Low,0
33.460000000000036,Debit,ATM,72.0,Retired,111.0,1.0,3641.07,High,2
104.79000000000002,Debit,ATM,70.0,Doctor,223.0,1.0,1352.19,High,2
246.27,Debit,Online,29.0,Doctor,141.0,1.0,7299.86,Low,0
48.849999999999994,Debit,ATM,19.0,Student,176.0,1.0,1503.56,Low,1
332.0,Debit,ATM,69.0,Retired,17.0,1.0,5943.13,High,2
118.1,Debit,Online,54.0,Engineer,167.0,1.0,895.6599999999999,Medium,0
84.59,Credit,Branch,67.0,Doctor,10.0,1.0,5669.1,High,2
295.64,Debit,Online,21.0,Student,82.0,1.0,1061.96,Low,1
514.33,Debit,Branch,25.0,Student,160.0,1.0,1592.94,Low,1
94.59,Debit,Online,39.0,Doctor,34.0,1.0,6171.89,Medium,0
80.43,Debit,Branch,59.0,Retired,157.0,1.0,5987.67,High,2
54.25,Debit,Online,68.0,Doctor,37.0,1.0,14783.329999999998,High,2
518.85,Debit,Online,21.999999999999996,Student,82.0,1.0,1806.0,Low,1
10.650000000000006,Debit,Online,54.0,Doctor,161.0,1.0,13240.720000000001,Medium,0
107.03,Debit,Branch,27.0,Student,73.0,1.0,1408.0699999999997,Low,1
346.11,Debit,Branch,41.0,Engineer,213.0,1.0,9551.64,Medium,0
138.06,Debit,Branch,44.0,Engineer,159.0,1.0,1070.4699999999998,Medium,0
158.02,Debit,ATM,49.0,Engineer,120.0,1.0,9374.24,Medium,0
830.01,Credit,Online,66.0,Retired,96.0,1.0,4253.18,High,2
110.49000000000001,Debit,Online,57.0,Doctor,48.0,1.0,10483.93,High,2
329.4,Debit,Online,34.0,Doctor,68.0,1.0,9588.07,Medium,0
635.4,Debit,ATM,47.0,Doctor,106.0,1.0,1238.1099999999997,Medium,0
769.97,Debit,Branch,21.999999999999996,Student,23.0,1.0,1244.9300000000003,Low,1
175.07,Debit,Branch,26.0,Student,169.0,1.0,1040.2499999999995,Low,1
7.310000000000002,Debit,Branch,78.0,Retired,282.0,1.0,5757.67,High,2
56.120000000000005,Debit,ATM,30.0,Doctor,102.0,1.0,8839.67,Low,0
424.7,Credit,Online,56.0,Retired,178.0,1.0,6239.89,High,2
35.72999999999999,Debit,Branch,65.0,Doctor,87.0,1.0,9073.17,High,2
3.4399999999999977,Debit,ATM,78.0,Retired,108.0,1.0,7561.33,High,2
139.03,Credit,Online,50.0,Engineer,81.0,1.0,2276.57,Medium,0
254.92,Credit,ATM,28.0,Engineer,169.0,1.0,2791.12,Low,0
115.11000000000001,Debit,Online,28.0,Engineer,139.0,1.0,9808.97,Low,0
171.11,Debit,ATM,57.0,Retired,171.0,1.0,6324.09,High,2
408.46,Debit,Branch,64.0,Retired,28.0,1.0,3140.79,High,2
342.17,Credit,Branch,21.0,Student,247.0,1.0,461.8299999999999,Low,1
580.71,Debit,ATM,53.0,Engineer,95.0,1.0,5670.0,Medium,0
821.54,Credit,Branch,79.0,Retired,36.0,1.0,4040.32,High,2
253.47,Debit,Branch,20.0,Student,238.0,1.0,220.51000000000022,Low,1
22.810000000000002,Debit,Online,62.0,Retired,75.0,1.0,3634.76,High,2
266.57,Credit,Online,39.0,Engineer,96.0,1.0,7180.48,Medium,0
374.61,Credit,Online,75.0,Retired,37.0,1.0,1389.71,High,2
339.35,Credit,ATM,78.0,Retired,70.0,1.0,5002.7,High,2
810.3600000000001,Debit,ATM,20.0,Student,67.0,1.0,9239.12,Low,1
9.830000000000041,Debit,ATM,24.0,Student,86.0,1.0,666.4200000000001,Low,1
135.57,Credit,Branch,51.0,Doctor,116.0,1.0,11351.64,Medium,0
340.05,Debit,ATM,43.0,Engineer,37.0,1.0,7234.15,Medium,0
283.45,Debit,Branch,27.0,Engineer,127.0,1.0,2049.51,Low,0
100.99000000000001,Debit,ATM,68.0,Doctor,114.0,1.0,8865.27,High,2
90.88,Debit,Branch,18.0,Student,176.0,1.0,3908.47,Low,1
655.15,Debit,ATM,26.0,Engineer,264.0,1.0,5587.44,Low,0
320.55,Debit,Online,50.0,Engineer,118.0,1.0,438.75,Medium,0
41.50999999999999,Debit,Online,28.0,Student,48.0,1.0,609.6000000000004,Low,1
71.53,Credit,Branch,68.0,Retired,39.0,1.0,2393.73,High,2
467.13,Credit,Branch,54.0,Retired,45.0,1.0,3914.84,Medium,0
235.4,Debit,Branch,28.0,Student,70.0,1.0,818.3599999999997,Low,1
159.32,Debit,Branch,18.0,Student,100.0,1.0,304.4399999999996,Low,1
50.829999999999984,Credit,Online,30.0,Doctor,48.0,1.0,9553.42,Low,0
56.889999999999986,Credit,Branch,59.0,Engineer,56.0,1.0,3034.67,High,2
20.22,Debit,ATM,43.0,Engineer,138.0,1.0,5515.32,Medium,0
50.400000000000006,Debit,Branch,36.0,Doctor,84.0,1.0,1677.0100000000002,Medium,0
73.88,Debit,Branch,53.0,Retired,131.0,1.0,4055.55,Medium,0
119.61000000000001,Debit,ATM,33.0,Doctor,53.0,1.0,9899.94,Medium,0
116.57999999999998,Debit,Branch,43.0,Engineer,247.0,1.0,2620.74,Medium,0
156.26,Credit,Branch,46.0,Engineer,160.0,1.0,7854.1,Medium,0
427.0,Credit,Branch,49.0,Engineer,163.0,1.0,8253.65,Medium,0
67.57,Debit,Branch,37.0,Engineer,107.0,1.0,2766.12,Medium,0
326.29,Debit,Online,56.0,Engineer,179.0,1.0,8171.26,High,2
158.56,Debit,ATM,33.0,Doctor,100.0,1.0,5401.21,Medium,0
56.02000000000001,Debit,Online,27.0,Student,142.0,1.0,3548.02,Low,1
245.67,Credit,Branch,24.0,Student,107.0,1.0,752.25,Low,1
114.35,Credit,Branch,41.0,Engineer,21.0,1.0,469.1199999999999,Medium,0
504.63,Debit,Online,60.0,Engineer,168.0,1.0,3806.16,High,2
820.1500000000001,Debit,Branch,47.0,Doctor,181.0,1.0,8802.97,Medium,0
8.370000000000005,Debit,ATM,63.0,Retired,135.0,1.0,1106.3400000000001,High,2
197.49,Credit,Online,53.0,Retired,30.0,1.0,5005.33,Medium,0
637.97,Debit,Branch,58.0,Retired,90.0,1.0,7949.03,High,2
13.519999999999982,Debit,ATM,26.0,Student,65.0,1.0,259.7699999999995,Low,1
432.1,Debit,ATM,49.0,Engineer,240.0,1.0,2114.3,Medium,0
642.68,Debit,Branch,50.0,Doctor,94.0,1.0,8461.46,Medium,0
78.44,Credit,Online,52.0,Retired,292.0,1.0,6870.84,Medium,0
139.72000000000003,Debit,Branch,49.0,Engineer,201.0,1.0,5058.83,Medium,0
499.99,Debit,Branch,31.0,Engineer,296.0,1.0,8885.0,Low,0
10.070000000000022,Debit,Online,24.0,Student,49.0,1.0,530.8100000000004,Low,1
120.62,Debit,ATM,23.0,Student,85.0,1.0,9379.53,Low,1
578.49,Debit,Branch,59.0,Retired,180.0,1.0,6475.13,High,2
280.92,Debit,Online,41.0,Doctor,168.0,1.0,5298.85,Medium,0
42.420000000000016,Debit,Online,21.0,Student,102.0,1.0,490.5699999999997,Low,1
77.03,Debit,ATM,67.0,Doctor,259.0,1.0,11310.27,High,2
22.590000000000003,Debit,ATM,62.0,Retired,45.0,1.0,3988.75,High,2
568.76,Debit,ATM,51.0,Retired,155.0,1.0,7484.32,Medium,0
105.94,Debit,Branch,51.0,Engineer,207.0,1.0,5963.1,Medium,0
350.15,Credit,ATM,21.0,Student,195.0,1.0,296.47000000000025,Low,1
183.67,Debit,Online,19.0,Student,238.0,1.0,910.2600000000002,Low,1
278.27,Debit,Branch,29.0,Doctor,123.0,1.0,6684.34,Low,0
470.3,Debit,ATM,40.0,Doctor,88.0,1.0,8524.09,Medium,0
261.69,Debit,ATM,53.0,Retired,84.0,1.0,5126.65,Medium,0
365.04,Debit,Branch,21.999999999999996,Student,94.0,1.0,873.8900000000003,Low,1
211.1,Debit,Branch,57.0,Retired,136.0,1.0,7059.77,High,2
21.49000000000001,Debit,ATM,58.0,Doctor,240.0,1.0,11991.24,High,2
63.579999999999984,Debit,ATM,18.0,Student,199.0,1.0,8086.04,Low,1
321.86,Debit,ATM,63.0,Doctor,167.0,1.0,12626.49,High,2
642.54,Debit,Branch,44.0,Engineer,28.0,1.0,3143.17,Medium,0
313.65,Credit,Branch,55.0,Retired,173.0,1.0,1886.3599999999997,Medium,0
99.75999999999999,Debit,Branch,26.0,Student,131.0,1.0,416.8900000000003,Low,1
115.32,Debit,Branch,53.0,Retired,113.0,1.0,5929.08,Medium,0
33.61000000000004,Debit,Online,23.0,Student,72.0,1.0,479.0799999999999,Low,1
498.59,Credit,Online,33.0,Doctor,32.0,1.0,5862.99,Medium,0
98.81,Debit,Branch,27.0,Student,91.0,1.0,797.1000000000004,Low,1
1.8700000000000045,Debit,ATM,65.0,Retired,147.0,1.0,7287.94,High,2
78.92000000000002,Credit,Online,59.0,Engineer,95.0,1.0,5624.86,High,2
194.29,Credit,Branch,39.0,Engineer,10.0,1.0,2988.41,Medium,0
105.53,Debit,Online,24.0,Student,88.0,1.0,1433.6599999999999,Low,1
737.3399999999999,Debit,Online,30.0,Doctor,34.0,1.0,7336.56,Low,0
237.86,Debit,ATM,18.0,Student,210.0,1.0,475.6300000000001,Low,1
409.61,Debit,Branch,65.0,Doctor,89.0,1.0,11698.15,High,2
75.53,Credit,Online,21.0,Student,157.0,1.0,1034.3499999999995,Low,1
72.75,Debit,ATM,64.0,Doctor,15.0,1.0,12042.79,High,2
39.110000000000014,Debit,Online,26.0,Student,143.0,1.0,518.54,Low,1
729.3799999999999,Debit,ATM,68.0,Doctor,90.0,1.0,9127.65,High,2
137.49,Debit,ATM,34.0,Engineer,50.0,1.0,4471.05,Medium,0
504.71,Debit,Online,29.0,Engineer,61.0,1.0,6214.54,Low,0
371.47,Credit,Branch,24.0,Student,58.00000000000001,1.0,1187.0399999999995,Low,1
430.35,Debit,Online,36.0,Doctor,205.0,1.0,354.89999999999964,Medium,0
230.32,Debit,Branch,35.0,Engineer,56.0,1.0,791.46,Medium,0
121.70999999999998,Debit,ATM,52.0,Retired,140.0,1.0,5878.89,Medium,0
98.87,Debit,Online,20.0,Student,179.0,1.0,533.1999999999998,Low,1
117.55000000000001,Debit,ATM,24.0,Student,35.0,1.0,897.9399999999996,Low,1
244.64,Debit,Branch,30.0,Doctor,103.0,1.0,9159.56,Low,0
321.93,Debit,ATM,45.0,Engineer,12.0,1.0,4392.73,Medium,0
346.65,Debit,Online,30.0,Engineer,60.0,1.0,6356.96,Low,0
388.65,Debit,ATM,76.0,Retired,43.0,1.0,7896.85,High,2
29.21999999999997,Debit,ATM,24.0,Student,151.0,1.0,1649.4300000000003,Low,1
46.75,Debit,Branch,67.0,Retired,150.0,1.0,2840.43,High,2
348.64,Debit,Online,57.0,Retired,128.0,1.0,3274.96,High,2
319.17,Debit,Online,73.0,Retired,81.0,1.0,6501.56,High,2
73.94999999999999,Debit,ATM,26.0,Student,76.0,1.0,363.9200000000001,Low,1
389.63,Debit,Online,27.0,Engineer,99.0,1.0,9748.48,Low,0
217.61,Debit,ATM,19.0,Student,45.0,1.0,1404.5299999999997,Low,1
199.84,Debit,ATM,21.0,Student,150.0,1.0,706.4399999999996,Low,1
56.349999999999994,Debit,ATM,44.0,Doctor,75.0,1.0,5095.73,Medium,0
248.95,Credit,Branch,65.0,Retired,29.000000000000014,1.0,3059.79,High,2
142.58000000000004,Debit,ATM,33.0,Engineer,145.0,1.0,7844.23,Medium,0
333.78,Debit,ATM,60.0,Retired,98.0,1.0,6810.94,High,2
332.59,Debit,Online,55.0,Retired,143.0,1.0,1457.0699999999997,Medium,0
236.81,Debit,Branch,21.999999999999996,Student,15.0,1.0,813.6800000000003,Low,1
417.8,Credit,Branch,27.0,Student,130.0,1.0,1518.8199999999997,Low,1
319.27,Debit,ATM,50.0,Doctor,150.0,1.0,10269.78,Medium,0
820.6200000000001,Credit,Branch,61.0,Doctor,158.0,1.0,6024.8,High,2
474.77,Credit,Online,56.0,Engineer,50.0,1.0,2158.59,High,2
542.72,Credit,Branch,43.0,Doctor,92.0,1.0,6011.8,Medium,0
79.80000000000001,Debit,ATM,73.0,Retired,76.0,1.0,6372.58,High,2
46.24000000000001,Debit,Branch,57.0,Engineer,52.0,1.0,2569.56,High,2
327.8,Debit,ATM,61.0,Doctor,54.0,1.0,10585.48,High,2
445.79,Debit,ATM,52.0,Doctor,161.0,1.0,717.9899999999998,Medium,0
55.889999999999986,Debit,Online,72.0,Retired,150.0,1.0,3689.65,High,2
158.41,Debit,Branch,28.0,Student,16.0,1.0,1512.1599999999999,Low,1
101.19,Credit,Online,64.0,Doctor,75.0,1.0,14389.45,High,2
61.97,Debit,ATM,74.0,Retired,95.0,1.0,7014.69,High,2
27.210000000000008,Debit,ATM,79.0,Retired,102.0,1.0,3520.61,High,2
173.74,Debit,Online,80.0,Retired,64.0,1.0,4913.42,High,2
176.11,Debit,Branch,38.0,Engineer,105.0,1.0,9155.35,Medium,0
88.4,Debit,Online,46.0,Engineer,174.0,1.0,2567.53,Medium,0
567.92,Debit,Online,53.0,Retired,14.0,1.0,3779.47,Medium,0
138.11,Credit,Online,68.0,Retired,104.0,1.0,4177.65,High,2
456.93,Credit,Branch,28.0,Engineer,193.0,1.0,7284.76,Low,0
101.42000000000002,Debit,Online,66.0,Retired,146.0,1.0,6530.59,High,2
300.61,Debit,Online,44.0,Doctor,51.0,1.0,7895.54,Medium,0
265.94,Debit,Online,54.0,Engineer,132.0,1.0,6781.3,Medium,0
345.54,Debit,Online,29.0,Engineer,50.0,1.0,2091.78,Low,0
411.52,Debit,ATM,41.0,Doctor,88.0,1.0,11108.39,Medium,0
111.20999999999998,Debit,Branch,35.0,Doctor,111.0,1.0,9088.36,Medium,0
316.37,Debit,ATM,53.0,Engineer,86.0,1.0,4671.69,Medium,0
260.63,Debit,Branch,37.0,Engineer,142.0,1.0,7534.73,Medium,0
92.36000000000001,Debit,ATM,29.0,Engineer,144.0,1.0,6353.14,Low,0
262.06,Debit,Branch,63.0,Doctor,118.0,1.0,13587.52,High,2
64.5,Debit,ATM,74.0,Retired,230.0,1.0,1351.2399999999998,High,2
175.94,Debit,ATM,57.0,Retired,89.0,1.0,3728.04,High,2
199.47,Debit,Online,57.0,Doctor,142.0,1.0,6067.44,High,2
51.06999999999999,Debit,Branch,63.0,Retired,133.0,1.0,4292.16,High,2
435.86,Debit,ATM,56.0,Retired,134.0,1.0,3801.82,High,2
74.73000000000002,Credit,Branch,64.0,Retired,162.0,1.0,6353.22,High,2
182.79,Credit,Online,23.0,Student,14.0,1.0,1251.85,Low,1
628.36,Debit,Online,44.0,Doctor,108.0,1.0,11869.71,Medium,0
268.39,Debit,Online,29.0,Doctor,177.0,1.0,9409.43,Low,0
560.15,Credit,Online,50.0,Engineer,92.0,1.0,817.8299999999999,Medium,0
132.36,Debit,Branch,28.0,Student,160.0,1.0,319.64999999999964,Low,1
24.769999999999982,Credit,Online,40.0,Engineer,17.0,1.0,478.2300000000005,Medium,0
80.24000000000001,Credit,Branch,53.0,Doctor,58.00000000000001,1.0,8012.81,Medium,0
8.650000000000006,Debit,ATM,68.0,Retired,198.0,1.0,4201.22,High,2
178.91,Debit,ATM,18.0,Student,19.0,1.0,8870.89,Low,1
115.22,Debit,Branch,27.0,Engineer,108.0,1.0,906.1999999999998,Low,0
161.63,Debit,Online,46.0,Doctor,276.0,1.0,9286.37,Medium,0
542.75,Credit,Branch,70.0,Retired,63.0,1.0,2224.08,High,2
317.47,Credit,Online,67.0,Doctor,16.0,1.0,14639.279999999999,High,2
280.99,Debit,Branch,45.0,Engineer,29.000000000000014,1.0,9733.59,Medium,0
24.189999999999998,Debit,ATM,29.0,Engineer,28.0,1.0,2756.2,Low,0
372.41,Debit,ATM,55.0,Retired,143.0,1.0,3233.87,Medium,0
247.17,Credit,Branch,65.0,Retired,149.0,1.0,2611.64,High,2
48.78,Credit,Branch,18.0,Student,136.0,1.0,552.0600000000004,Low,1
4.150000000000006,Credit,Branch,60.0,Retired,119.0,1.0,6017.36,High,2
60.99000000000001,Debit,Branch,34.0,Engineer,58.00000000000001,1.0,7281.46,Medium,0
408.19,Debit,Branch,26.0,Engineer,241.0,1.0,6847.47,Low,0
524.6,Debit,Branch,58.0,Doctor,76.0,1.0,13017.7,High,2
108.95999999999998,Debit,ATM,26.0,Student,247.0,1.0,7597.66,Low,1
70.03,Debit,Branch,63.0,Retired,49.0,1.0,7330.31,High,2
324.04,Debit,ATM,54.0,Retired,30.0,1.0,2248.06,Medium,0
39.69,Debit,Online,70.0,Retired,163.0,1.0,3524.68,High,2
81.26999999999998,Credit,Online,21.999999999999996,Student,68.0,1.0,1814.48,Low,1
193.82,Debit,Branch,37.0,Engineer,176.0,1.0,3886.77,Medium,0
474.05,Debit,ATM,57.0,Retired,214.0,1.0,1484.31,High,2
637.75,Debit,Branch,79.0,Retired,152.0,1.0,4202.92,High,2
153.59,Credit,Branch,66.0,Retired,174.0,1.0,4813.12,High,2
186.6,Debit,Branch,18.0,Student,139.0,1.0,9716.68,Low,1
644.08,Debit,Online,24.0,Student,55.0,1.0,1980.62,Low,1
305.0,Debit,ATM,21.999999999999996,Student,222.0,1.0,944.8299999999999,Low,1
233.1,Credit,Branch,42.0,Doctor,37.0,1.0,7469.2,Medium,0
793.1300000000001,Debit,Online,68.0,Doctor,76.0,1.0,13389.16,High,2
224.19,Debit,ATM,52.0,Doctor,93.0,1.0,8475.47,Medium,0
214.83,Credit,ATM,23.0,Student,63.0,1.0,991.6899999999996,Low,1
163.46,Credit,Branch,63.0,Retired,111.0,1.0,6953.8,High,2
194.99,Debit,Branch,34.0,Engineer,91.0,1.0,1370.0299999999997,Medium,0
227.5,Debit,Online,34.0,Doctor,277.0,1.0,11505.35,Medium,0
259.9,Debit,Online,26.0,Student,100.0,1.0,914.2799999999997,Low,1
59.50999999999999,Credit,Online,36.0,Doctor,55.0,1.0,9955.88,Medium,0
112.94,Credit,Online,73.0,Retired,31.0,1.0,3807.84,High,2
11.81000000000003,Debit,ATM,21.0,Student,131.0,1.0,320.25,Low,1
329.14,Debit,Branch,55.0,Doctor,14.0,1.0,12033.92,Medium,0
154.24,Debit,ATM,61.0,Retired,82.0,1.0,6109.55,High,2
233.44,Debit,Online,20.0,Student,297.0,1.0,1691.88,Low,1
98.70999999999998,Debit,ATM,32.0,Doctor,117.0,1.0,10095.23,Low,0
87.38,Debit,Branch,21.0,Student,252.0,1.0,1504.9899999999998,Low,1
83.38999999999999,Debit,Branch,32.0,Doctor,158.0,1.0,13182.11,Low,0
267.55,Debit,Online,46.0,Engineer,40.000000000000014,1.0,4330.04,Medium,0
870.05,Debit,ATM,29.0,Doctor,39.0,1.0,905.25,Low,0
164.51,Debit,Branch,78.0,Retired,110.0,1.0,3553.69,High,2
758.12,Debit,ATM,69.0,Retired,90.0,1.0,6164.65,High,2
103.75999999999999,Debit,Online,28.0,Engineer,188.0,1.0,9626.14,Low,0
583.92,Debit,Online,55.0,Engineer,139.0,1.0,6364.14,Medium,0
204.06,Debit,Online,77.0,Retired,159.0,1.0,4351.83,High,2
53.50999999999999,Debit,Online,56.0,Retired,165.0,1.0,5773.5,High,2
120.17000000000002,Debit,ATM,49.0,Doctor,105.0,1.0,5403.79,Medium,0
220.8,Debit,Online,31.0,Engineer,28.0,1.0,8135.31,Low,0
119.00999999999999,Debit,ATM,45.0,Doctor,87.0,1.0,9798.26,Medium,0
183.32,Debit,ATM,21.0,Student,74.0,1.0,137.42000000000007,Low,1
858.8800000000001,Debit,Online,60.0,Engineer,227.0,1.0,7015.46,High,2
11.460000000000008,Credit,Online,41.0,Engineer,128.0,1.0,2356.71,Medium,0
61.370000000000005,Debit,Branch,75.0,Retired,164.0,1.0,4294.44,High,2
103.07999999999998,Credit,Branch,49.0,Engineer,150.0,1.0,9251.38,Medium,0
425.18,Credit,Online,26.0,Engineer,172.0,1.0,9880.71,Low,0
60.96000000000001,Debit,ATM,52.0,Retired,238.0,1.0,6189.24,Medium,0
64.20999999999998,Debit,ATM,51.0,Doctor,37.0,1.0,12540.18,Medium,0
523.02,Debit,Online,53.0,Retired,83.0,1.0,4586.11,Medium,0
50.25999999999999,Debit,Branch,65.0,Retired,164.0,1.0,1519.38,High,2
110.07999999999998,Debit,Branch,19.0,Student,95.0,1.0,1447.2600000000002,Low,1
54.47,Credit,Branch,23.0,Student,34.0,1.0,1131.42,Low,1
79.75999999999999,Debit,Online,68.0,Doctor,115.0,1.0,10278.75,High,2
16.79000000000002,Credit,Online,30.0,Doctor,146.0,1.0,535.1499999999996,Low,0
68.62,Debit,Branch,29.0,Doctor,157.0,1.0,13891.469999999998,Low,0
643.38,Credit,Online,18.0,Student,105.0,1.0,1046.7399999999998,Low,1
328.34,Credit,Online,42.0,Engineer,31.0,1.0,2840.45,Medium,0
72.68,Debit,Online,69.0,Retired,44.0,1.0,6216.77,High,2
354.76,Debit,Branch,51.0,Doctor,279.0,1.0,10141.92,Medium,0
793.8800000000001,Credit,ATM,21.999999999999996,Student,252.0,1.0,1404.06,Low,1
29.21999999999997,Debit,ATM,27.0,Engineer,69.0,1.0,7795.79,Low,0
366.43,Credit,Online,21.0,Student,92.0,1.0,1560.4499999999998,Low,1
233.74,Debit,Online,72.0,Retired,142.0,1.0,4749.54,High,2
471.84,Debit,ATM,18.0,Student,138.0,1.0,1044.3300000000004,Low,1
213.4,Credit,Branch,73.0,Retired,100.0,1.0,2012.2399999999998,High,2
254.21,Debit,ATM,48.0,Engineer,46.0,1.0,2487.2,Medium,0
577.73,Debit,ATM,37.0,Doctor,63.0,1.0,14977.989999999998,Medium,0
170.26,Debit,ATM,27.0,Student,265.0,1.0,1969.48,Low,1
330.61,Credit,Branch,64.0,Retired,113.0,1.0,2525.25,High,2
132.33,Credit,ATM,35.0,Engineer,47.0,1.0,7457.94,Medium,0
74.04000000000002,Debit,Online,18.0,Student,66.0,1.0,1690.23,Low,1
197.18,Debit,Online,28.0,Engineer,135.0,1.0,3114.92,Low,0
697.8199999999999,Debit,Online,44.0,Engineer,153.0,1.0,6824.0,Medium,0
148.0,Debit,Branch,20.0,Student,35.0,1.0,1488.65,Low,1
22.26000000000002,Debit,Branch,19.0,Student,56.0,1.0,5583.88,Low,1
0.8600000000000421,Debit,ATM,25.0,Student,139.0,1.0,1357.2200000000003,Low,1
757.0999999999999,Debit,Branch,65.0,Doctor,203.0,1.0,10553.23,High,2
38.81,Credit,Online,25.0,Student,145.0,1.0,1619.6,Low,1
32.46000000000001,Debit,Online,31.0,Doctor,10.0,1.0,8656.18,Low,0
20.639999999999958,Debit,Branch,21.999999999999996,Student,59.0,1.0,949.3800000000001,Low,1
662.11,Debit,Branch,23.0,Student,219.0,1.0,1996.38,Low,1
35.05000000000001,Debit,Branch,30.0,Doctor,105.0,1.0,14330.469999999998,Low,0
214.73,Credit,ATM,46.0,Doctor,26.0,1.0,5368.42,Medium,0
25.380000000000024,Debit,Branch,57.0,Engineer,66.0,1.0,8616.05,High,2
617.66,Debit,ATM,41.0,Engineer,40.000000000000014,1.0,5906.58,Medium,0
446.39,Debit,ATM,63.0,Retired,77.0,1.0,7863.6,High,2
377.92,Debit,Branch,33.0,Engineer,204.0,1.0,2254.71,Medium,0
11.039999999999992,Debit,Online,30.0,Engineer,43.0,1.0,6983.04,Low,0
275.46,Debit,ATM,36.0,Doctor,67.0,1.0,9697.75,Medium,0
179.76,Debit,Online,78.0,Retired,81.0,1.0,5909.52,High,2
32.34,Debit,Branch,44.0,Doctor,45.0,1.0,7847.62,Medium,0
273.92,Debit,Branch,79.0,Retired,109.0,1.0,4543.56,High,2
388.98,Debit,ATM,23.0,Student,155.0,1.0,1819.9099999999999,Low,1
492.8399999999999,Debit,ATM,25.0,Student,38.0,1.0,577.6700000000001,Low,1
148.85,Debit,ATM,57.0,Doctor,25.0,1.0,7802.36,High,2
185.99,Credit,Branch,41.0,Engineer,53.0,1.0,402.4499999999998,Medium,0
322.48,Debit,ATM,27.0,Student,57.0,1.0,1238.4300000000003,Low,1
20.27000000000001,Debit,Branch,18.0,Student,22.0,1.0,796.3500000000004,Low,1
104.23000000000002,Credit,Online,63.0,Retired,108.0,1.0,5009.29,High,2
55.860000000000014,Debit,Online,39.0,Engineer,68.0,1.0,5346.46,Medium,0
95.55000000000001,Debit,Branch,33.0,Engineer,51.0,1.0,2434.74,Medium,0
477.07,Debit,Online,27.0,Engineer,278.0,1.0,6568.07,Low,0
21.409999999999997,Debit,Online,57.0,Doctor,99.0,1.0,658.9099999999999,High,2
278.28,Debit,Branch,28.0,Student,26.0,1.0,1346.88,Low,1
215.39,Debit,ATM,27.0,Student,216.0,1.0,1582.5500000000002,Low,1
194.37,Debit,ATM,66.0,Doctor,161.0,1.0,14395.879999999997,High,2
19.590000000000003,Debit,Branch,64.0,Retired,122.0,1.0,1061.69,High,2
81.35,Debit,Online,41.0,Engineer,103.0,1.0,7192.45,Medium,0
314.54,Credit,Branch,58.0,Engineer,228.0,1.0,9923.45,High,2
466.64,Debit,ATM,58.0,Doctor,11.0,1.0,10915.11,High,2
472.48,Debit,Branch,55.0,Engineer,87.0,1.0,7128.82,Medium,0
67.15,Debit,Online,59.0,Doctor,14.0,1.0,9028.49,High,2
102.67000000000002,Debit,Branch,79.0,Retired,119.0,1.0,4656.94,High,2
453.49,Debit,Branch,66.0,Doctor,147.0,1.0,6366.43,High,2
267.17,Debit,ATM,26.0,Student,170.0,1.0,1382.62,Low,1
111.25999999999999,Debit,ATM,66.0,Doctor,43.0,1.0,14350.11,High,2
121.17000000000002,Debit,ATM,68.0,Doctor,158.0,1.0,12990.77,High,2
213.28,Debit,Branch,51.0,Retired,94.0,1.0,4835.91,Medium,0
187.88,Debit,ATM,60.0,Engineer,180.0,1.0,2154.58,High,2
471.88,Credit,Online,34.0,Doctor,141.0,1.0,14833.34,Medium,0
83.79000000000002,Debit,ATM,57.0,Engineer,47.0,1.0,5061.3,High,2
99.16,Debit,Online,79.0,Retired,202.0,1.0,2607.58,High,2
839.3300000000002,Credit,Branch,60.0,Doctor,86.0,1.0,11538.97,High,2
4.240000000000009,Debit,Online,38.0,Engineer,38.0,1.0,7822.73,Medium,0
50.28999999999999,Credit,Online,58.0,Doctor,64.0,1.0,7604.9,High,2
135.84999999999997,Debit,Online,57.0,Retired,269.0,1.0,1480.3900000000003,High,2
368.53,Debit,Branch,68.0,Doctor,34.0,1.0,13696.309999999998,High,2
17.94999999999999,Credit,Branch,64.0,Doctor,135.0,1.0,12344.9,High,2
127.80000000000001,Credit,Branch,31.0,Engineer,47.0,1.0,8630.99,Low,0
16.72999999999999,Debit,Online,45.0,Engineer,48.0,1.0,2202.62,Medium,0
317.12,Debit,Branch,44.0,Doctor,80.0,1.0,14409.739999999998,Medium,0
476.63,Debit,ATM,79.0,Retired,115.0,1.0,4894.25,High,2
156.58,Debit,Branch,24.0,Student,160.0,1.0,8981.61,Low,1
55.120000000000005,Credit,Online,34.0,Engineer,261.0,1.0,3791.99,Medium,0
15.740000000000009,Debit,Branch,27.0,Student,38.0,1.0,690.1599999999999,Low,1
297.15,Debit,Online,76.0,Retired,178.0,1.0,5449.37,High,2
647.85,Debit,Branch,36.0,Doctor,121.0,1.0,13779.969999999998,Medium,0
75.04000000000002,Debit,ATM,49.0,Engineer,178.0,1.0,9648.6,Medium,0
273.92,Debit,Online,28.0,Student,35.0,1.0,1029.15,Low,1
215.8,Credit,Branch,51.0,Retired,66.0,1.0,3656.62,Medium,0
420.6,Debit,Branch,26.0,Student,55.0,1.0,1778.75,Low,1
688.36,Credit,Branch,23.0,Student,22.0,1.0,5191.13,Low,1
285.18,Credit,Branch,55.0,Doctor,150.0,1.0,14847.969999999998,Medium,0
213.55,Debit,ATM,63.0,Doctor,15.0,1.0,5238.37,High,2
463.11,Credit,Branch,51.0,Doctor,159.0,1.0,10238.82,Medium,0
309.56,Debit,Online,58.0,Doctor,147.0,1.0,972.04,High,2
377.08,Credit,Branch,26.0,Student,71.0,1.0,6430.86,Low,1
77.25,Debit,Branch,68.0,Doctor,157.0,1.0,14077.969999999998,High,2
146.92,Debit,ATM,64.0,Retired,272.0,1.0,3990.6,High,2
126.6,Debit,Branch,21.999999999999996,Student,146.0,1.0,961.6499999999996,Low,1
101.34,Debit,ATM,24.0,Student,46.0,1.0,703.2600000000002,Low,1
184.97,Debit,Branch,58.0,Doctor,268.0,1.0,1156.67,High,2
451.15,Debit,ATM,46.0,Engineer,175.0,1.0,1356.4700000000003,Medium,0
516.47,Credit,ATM,25.0,Student,94.0,1.0,1305.06,Low,1
880.04,Debit,ATM,25.0,Student,29.000000000000014,1.0,261.97000000000025,Low,1
66.69,Credit,Branch,25.0,Student,140.0,1.0,1210.33,Low,1
95.75,Debit,Branch,31.0,Engineer,169.0,1.0,337.6199999999999,Low,0
98.03,Debit,Branch,54.0,Engineer,165.0,1.0,6323.45,Medium,0
617.66,Debit,ATM,42.0,Engineer,128.0,1.0,7155.95,Medium,0
888.5700000000002,Debit,Online,62.0,Retired,102.0,1.0,7896.14,High,2
107.48000000000002,Debit,Branch,21.999999999999996,Student,129.0,1.0,591.2300000000005,Low,1
36.56999999999999,Debit,ATM,62.0,Retired,69.0,1.0,2583.07,High,2
575.62,Debit,Online,43.0,Doctor,129.0,1.0,234.40999999999985,Medium,0
84.88999999999999,Debit,ATM,37.0,Engineer,70.0,1.0,4735.61,Medium,0
7.7599999999999625,Credit,Online,52.0,Retired,84.0,1.0,7393.11,Medium,0
109.30000000000001,Debit,Branch,56.0,Doctor,27.0,1.0,13510.11,High,2
230.08,Debit,Online,79.0,Retired,124.0,1.0,4466.1,High,2
361.92,Debit,ATM,54.0,Retired,111.0,1.0,7474.31,Medium,0
122.44999999999999,Debit,Branch,46.0,Doctor,98.0,1.0,7255.49,Medium,0
642.53,Debit,ATM,65.0,Doctor,128.0,1.0,11417.91,High,2
175.21,Credit,ATM,69.0,Doctor,69.0,1.0,6039.04,High,2
168.0,Credit,Branch,32.0,Engineer,11.0,1.0,3498.58,Low,0
11.460000000000008,Debit,Online,67.0,Retired,73.0,1.0,6628.75,High,2
382.07,Credit,Branch,62.0,Doctor,147.0,1.0,10156.09,High,2
65.32,Debit,ATM,28.0,Student,54.0,1.0,9165.02,Low,1
730.1,Credit,Branch,77.0,Retired,93.0,1.0,6384.05,High,2
85.31,Debit,ATM,62.0,Retired,27.0,1.0,6095.65,High,2
726.61,Debit,ATM,18.0,Student,277.0,1.0,1008.7600000000002,Low,1
130.4,Debit,Branch,45.0,Engineer,63.0,1.0,4381.24,Medium,0
68.1,Debit,ATM,20.0,Student,47.0,1.0,1382.8000000000002,Low,1
65.25999999999999,Debit,Branch,26.0,Student,72.0,1.0,7380.63,Low,1
191.62,Debit,Branch,63.0,Doctor,51.0,1.0,1981.67,High,2
212.88,Debit,Online,39.0,Doctor,122.0,1.0,7036.72,Medium,0
88.38,Debit,ATM,30.0,Engineer,138.0,1.0,3707.82,Low,0
390.09,Debit,Online,26.0,Engineer,49.0,1.0,2617.23,Low,0
48.28999999999999,Debit,Online,37.0,Engineer,242.0,1.0,8883.4,Medium,0
333.83,Debit,ATM,63.0,Retired,135.0,1.0,1660.6599999999999,High,2
100.26999999999998,Debit,Online,79.0,Retired,51.0,1.0,4309.9,High,2
44.53999999999999,Debit,ATM,31.0,Engineer,164.0,1.0,362.39999999999964,Low,0
82.17000000000002,Debit,Branch,28.0,Student,21.0,1.0,1913.06,Low,1
447.42,Debit,Online,32.0,Engineer,65.0,1.0,6133.22,Low,0
590.26,Credit,Branch,25.0,Student,48.0,1.0,1068.2799999999993,Low,1
192.73,Debit,Branch,71.0,Retired,157.0,1.0,2037.75,High,2
11.569999999999993,Credit,Branch,56.0,Retired,64.0,1.0,2061.61,High,2
7.819999999999993,Debit,ATM,36.0,Engineer,273.0,1.0,2240.49,Medium,0
79.43,Debit,ATM,74.0,Retired,72.0,1.0,6579.37,High,2
386.97,Debit,Branch,58.0,Retired,137.0,1.0,1876.35,High,2
51.22,Debit,Branch,23.0,Student,82.0,1.0,1664.5900000000001,Low,1
256.05,Debit,ATM,54.0,Retired,35.0,1.0,6910.18,Medium,0
7.7900000000000205,Debit,Branch,34.0,Doctor,298.0,1.0,1319.85,Medium,0
233.71,Debit,Branch,63.0,Doctor,11.0,1.0,6095.5,High,2
176.37,Debit,Branch,55.0,Retired,126.0,1.0,2420.86,Medium,0
86.41,Debit,ATM,75.0,Retired,125.0,1.0,3128.71,High,2
21.569999999999993,Debit,ATM,54.0,Retired,71.0,1.0,7587.48,Medium,0
82.67000000000002,Debit,Branch,26.0,Student,46.0,1.0,290.59000000000015,Low,1
543.47,Debit,ATM,18.0,Student,122.0,1.0,6165.03,Low,1
346.76,Credit,Branch,21.0,Student,116.0,1.0,1637.75,Low,1
47.47999999999999,Debit,Branch,24.0,Student,66.0,1.0,585.5199999999995,Low,1
64.92000000000002,Debit,Branch,58.0,Engineer,236.0,1.0,5481.76,High,2
350.72,Credit,ATM,28.0,Student,48.0,1.0,1982.9,Low,1
3.799999999999983,Debit,Online,65.0,Doctor,174.0,1.0,5766.96,High,2
22.539999999999964,Debit,Online,26.0,Engineer,42.0,1.0,7139.11,Low,0
167.47,Debit,ATM,35.0,Engineer,103.0,1.0,2293.13,Medium,0
43.650000000000006,Credit,Branch,30.0,Engineer,212.0,1.0,2870.67,Low,0
390.77,Debit,Online,44.0,Doctor,34.0,1.0,5500.56,Medium,0
508.15999999999997,Debit,ATM,39.0,Engineer,131.0,1.0,5609.44,Medium,0
332.33,Debit,ATM,27.0,Student,101.0,1.0,192.6300000000001,Low,1
362.09,Debit,Branch,32.0,Engineer,31.0,1.0,6590.28,Low,0
42.579999999999984,Debit,Online,30.0,Doctor,80.0,1.0,13485.0,Low,0
248.66,Debit,Online,28.0,Engineer,113.0,1.0,2571.39,Low,0
461.25,Credit,Online,54.0,Doctor,171.0,1.0,676.1000000000004,Medium,0
61.77000000000001,Debit,Branch,56.0,Doctor,49.0,1.0,12352.2,High,2
268.92,Debit,Branch,29.0,Engineer,148.0,1.0,8765.38,Low,0
219.02,Credit,Online,54.0,Engineer,68.0,1.0,7375.73,Medium,0
125.13999999999999,Debit,Branch,20.0,Student,31.0,1.0,1845.1800000000003,Low,1
47.599999999999994,Debit,Online,53.0,Engineer,115.0,1.0,1382.5100000000002,Medium,0
592.82,Debit,Online,74.0,Retired,248.0,1.0,7508.98,High,2
372.5,Debit,ATM,21.999999999999996,Student,211.0,1.0,3901.82,Low,1
4.719999999999999,Debit,Branch,32.0,Engineer,20.0,1.0,4792.01,Low,0
144.93,Debit,Branch,42.0,Engineer,74.0,1.0,6887.52,Medium,0
316.56,Debit,Online,28.0,Engineer,261.0,1.0,8643.51,Low,0
421.25,Debit,Online,25.0,Student,66.0,1.0,7174.69,Low,1
185.71,Debit,Branch,48.0,Engineer,194.0,1.0,2679.91,Medium,0
26.27000000000001,Credit,Online,45.0,Engineer,177.0,1.0,8853.93,Medium,0
297.03,Debit,Online,61.0,Retired,151.0,1.0,1088.62,High,2
99.51999999999998,Debit,ATM,52.0,Engineer,127.0,1.0,3798.09,Medium,0
139.69,Debit,Online,52.0,Engineer,180.0,1.0,9567.94,Medium,0
112.72,Debit,Branch,31.0,Doctor,17.0,1.0,9630.0,Low,0
568.88,Debit,Branch,19.0,Student,105.0,1.0,1307.8599999999997,Low,1
189.03,Debit,ATM,28.0,Student,50.0,1.0,1916.46,Low,1
189.08,Debit,Branch,68.0,Doctor,238.0,1.0,10790.8,High,2
283.15,Debit,Online,24.0,Student,180.0,1.0,603.79,Low,1
151.82,Debit,ATM,51.0,Retired,105.0,1.0,2197.12,Medium,0
438.59,Debit,Online,37.0,Engineer,103.0,1.0,8994.39,Medium,0
501.15,Debit,Branch,47.0,Engineer,208.0,1.0,8821.84,Medium,0
8.949999999999989,Debit,Online,76.0,Retired,102.0,1.0,3299.84,High,2
173.6,Debit,Online,21.0,Student,160.0,1.0,421.4399999999996,Low,1
149.4,Debit,ATM,53.0,Retired,123.0,1.0,1035.2200000000003,Medium,0
388.21,Credit,Branch,53.0,Doctor,237.0,1.0,9724.49,Medium,0
126.04000000000002,Credit,Branch,65.0,Retired,167.0,1.0,6041.69,High,2
52.03999999999999,Credit,Branch,50.0,Doctor,31.0,1.0,8436.12,Medium,0
389.7,Credit,Branch,62.0,Doctor,216.0,1.0,7125.15,High,2
309.77,Credit,Online,67.0,Retired,137.0,1.0,4378.14,High,2
724.18,Debit,Branch,41.0,Doctor,134.0,1.0,10922.78,Medium,0
124.98000000000002,Debit,ATM,24.0,Student,78.0,1.0,642.0,Low,1
487.31999999999994,Debit,Branch,52.0,Doctor,164.0,1.0,7707.96,Medium,0
635.91,Credit,Branch,46.0,Doctor,78.0,1.0,13267.09,Medium,0
205.65,Debit,Branch,62.0,Retired,144.0,1.0,3582.16,High,2
39.41,Debit,Branch,25.0,Student,132.0,1.0,921.9099999999999,Low,1
254.0,Debit,Branch,35.0,Doctor,63.0,1.0,5788.53,Medium,0
436.8,Debit,Branch,36.0,Engineer,213.0,1.0,4515.43,Medium,0
224.73,Debit,Branch,76.0,Retired,63.0,1.0,7551.89,High,2
752.69,Credit,ATM,65.0,Doctor,115.0,1.0,14489.689999999999,High,2
78.5,Credit,Branch,31.0,Doctor,41.0,1.0,13991.5,Low,0
50.0,Credit,ATM,53.0,Doctor,87.0,1.0,185.8699999999999,Medium,0
132.42,Debit,ATM,18.0,Student,164.0,1.0,726.3900000000003,Low,1
83.16,Debit,ATM,61.0,Retired,177.0,1.0,3065.87,High,2
149.02,Credit,Branch,46.0,Engineer,176.0,1.0,9379.72,Medium,0
74.26999999999998,Credit,Online,59.0,Doctor,148.0,1.0,13696.61,High,2
876.5700000000002,Credit,ATM,62.0,Retired,118.0,1.0,3743.63,High,2
615.58,Debit,ATM,42.0,Doctor,133.0,1.0,14343.0,Medium,0
643.03,Credit,Online,36.0,Engineer,52.0,1.0,2882.16,Medium,0
7.94999999999996,Debit,ATM,79.0,Retired,65.0,1.0,5631.2,High,2
270.92,Credit,Branch,77.0,Retired,143.0,1.0,4574.43,High,2
499.48,Debit,ATM,24.0,Student,133.0,1.0,1242.62,Low,1
841.5,Credit,Branch,25.0,Student,287.0,1.0,352.3100000000004,Low,1
138.82,Debit,Online,77.0,Retired,53.0,1.0,3100.22,High,2
231.46,Credit,Branch,60.0,Engineer,83.0,1.0,4707.24,High,2
292.08,Debit,ATM,72.0,Retired,32.0,1.0,7950.48,High,2
63.97999999999999,Debit,Online,54.0,Doctor,258.0,1.0,7954.12,Medium,0
235.21,Debit,Branch,67.0,Doctor,74.0,1.0,5946.61,High,2
201.73,Debit,Online,57.0,Engineer,78.0,1.0,6650.71,High,2
161.31,Debit,ATM,28.0,Student,13.0,1.0,1268.67,Low,1
18.409999999999997,Debit,Branch,53.0,Doctor,168.0,1.0,8287.54,Medium,0
471.75,Credit,Branch,34.0,Doctor,41.0,1.0,12948.5,Medium,0
290.02,Debit,Branch,55.0,Engineer,246.0,1.0,4746.71,Medium,0
48.05000000000001,Debit,Branch,27.0,Engineer,38.0,1.0,5334.97,Low,0
359.42,Debit,Branch,55.0,Doctor,30.0,1.0,1765.4499999999998,Medium,0
32.91,Debit,Online,19.0,Student,255.0,1.0,427.3000000000002,Low,1
31.810000000000002,Debit,Online,51.0,Retired,149.0,1.0,1406.6,Medium,0
220.2,Debit,Online,28.0,Student,102.0,1.0,1075.15,Low,1
476.03,Credit,Branch,77.0,Retired,99.0,1.0,5958.34,High,2
141.90999999999997,Debit,Branch,23.0,Student,49.0,1.0,791.9700000000003,Low,1
95.82999999999998,Debit,Online,27.0,Student,91.0,1.0,1726.4,Low,1
51.150000000000006,Credit,Branch,46.0,Engineer,199.0,1.0,8992.25,Medium,0
50.75,Debit,ATM,62.0,Doctor,185.0,1.0,8271.47,High,2
185.07,Debit,Branch,21.999999999999996,Student,159.0,1.0,636.4200000000001,Low,1
293.54,Debit,Online,40.0,Engineer,45.0,1.0,2290.1,Medium,0
285.26,Debit,ATM,28.0,Student,93.0,1.0,167.72000000000025,Low,1
743.03,Debit,ATM,50.0,Engineer,174.0,1.0,4111.38,Medium,0
297.86,Credit,ATM,28.0,Student,96.0,1.0,1680.1400000000003,Low,1
231.92,Debit,ATM,66.0,Doctor,12.0,1.0,5715.08,High,2
295.82,Credit,Branch,47.0,Engineer,46.0,1.0,5897.73,Medium,0
81.07999999999998,Debit,ATM,58.0,Engineer,56.0,1.0,7788.91,High,2
775.6000000000001,Credit,Branch,79.0,Retired,158.0,1.0,3898.64,High,2
211.91,Debit,Online,20.0,Student,181.0,1.0,927.4700000000003,Low,1
17.20999999999998,Debit,Online,23.0,Student,219.0,1.0,914.1599999999999,Low,1
38.369999999999976,Debit,ATM,63.0,Doctor,135.0,1.0,8647.04,High,2
269.79,Debit,ATM,52.0,Engineer,17.0,1.0,1292.1,Medium,0
605.42,Debit,ATM,21.0,Student,33.0,1.0,392.34000000000015,Low,1
29.189999999999998,Credit,Branch,58.0,Doctor,41.0,1.0,12059.85,High,2
701.7,Credit,Online,61.0,Retired,64.0,1.0,6643.24,High,2
862.3400000000001,Debit,Branch,57.0,Doctor,72.0,1.0,9903.48,High,2
36.96999999999997,Debit,Branch,41.0,Engineer,79.0,1.0,2850.92,Medium,0
137.59000000000003,Debit,ATM,30.0,Doctor,95.0,1.0,10679.67,Low,0
168.11,Credit,Online,51.0,Doctor,12.0,1.0,10652.13,Medium,0
430.98,Debit,Branch,24.0,Student,93.0,1.0,569.25,Low,1
13.869999999999976,Debit,Branch,24.0,Student,20.0,1.0,954.8299999999999,Low,1
302.82,Debit,ATM,36.0,Engineer,175.0,1.0,9384.54,Medium,0
406.81,Debit,Online,66.0,Retired,84.0,1.0,1968.3599999999997,High,2
256.3,Debit,Online,53.0,Retired,172.0,1.0,4203.05,Medium,0
80.95999999999998,Credit,Online,19.0,Student,97.0,1.0,959.9399999999996,Low,1
95.78,Debit,Online,21.999999999999996,Student,27.0,1.0,271.6400000000003,Low,1
379.54,Credit,Branch,41.0,Doctor,118.0,1.0,12571.76,Medium,0
903.19,Debit,Online,21.999999999999996,Student,65.0,1.0,8627.08,Low,1
847.45,Debit,Branch,28.0,Student,175.0,1.0,422.3199999999997,Low,1
295.18,Credit,Branch,66.0,Doctor,31.0,1.0,12961.53,High,2
18.45999999999998,Debit,Branch,68.0,Retired,213.0,1.0,6381.6,High,2
603.23,Debit,Branch,28.0,Student,48.0,1.0,117.97999999999956,Low,1
54.5,Credit,Branch,57.0,Retired,147.0,1.0,1715.2200000000003,High,2
414.77,Debit,Online,29.0,Doctor,274.0,1.0,5599.81,Low,0
886.19,Debit,Branch,61.0,Retired,69.0,1.0,7904.24,High,2
440.03,Debit,Online,49.0,Engineer,88.0,1.0,1490.44,Medium,0
76.38999999999999,Debit,Branch,18.0,Student,219.0,1.0,5976.0,Low,1
595.91,Credit,ATM,19.0,Student,162.0,1.0,1673.7600000000002,Low,1
6.030000000000001,Debit,Branch,76.0,Retired,70.0,1.0,3290.72,High,2
249.34,Debit,ATM,26.0,Engineer,197.0,1.0,3030.97,Low,0
421.52,Debit,Branch,20.0,Student,67.0,1.0,369.8599999999997,Low,1
189.77,Debit,Branch,58.0,Engineer,24.0,1.0,6570.36,High,2
73.19,Debit,Branch,76.0,Retired,213.0,1.0,2264.98,High,2
188.13,Credit,Online,75.0,Retired,198.0,1.0,5029.87,High,2
30.52000000000001,Debit,Branch,62.0,Doctor,122.0,1.0,12327.74,High,2
170.24,Debit,Branch,62.0,Retired,133.0,1.0,5172.99,High,2
56.620000000000005,Debit,Branch,54.0,Doctor,121.0,1.0,8981.1,Medium,0
53.139999999999986,Debit,ATM,34.0,Doctor,70.0,1.0,7915.0,Medium,0
587.23,Debit,Online,27.0,Student,144.0,1.0,500.84000000000015,Low,1
21.269999999999982,Credit,Online,62.0,Retired,114.0,1.0,7392.79,High,2
76.01999999999998,Credit,Online,34.0,Doctor,189.0,1.0,14765.41,Medium,0
135.15,Debit,Online,72.0,Retired,50.0,1.0,5878.14,High,2
39.47999999999999,Debit,ATM,56.0,Retired,38.0,1.0,5889.51,High,2
451.68,Debit,Online,33.0,Engineer,15.0,1.0,4381.54,Medium,0
355.0,Credit,Online,26.0,Student,33.0,1.0,185.47000000000025,Low,1
427.69,Debit,ATM,43.0,Engineer,236.0,1.0,2443.54,Medium,0
254.86,Debit,Branch,23.0,Student,102.0,1.0,699.8999999999996,Low,1
190.17,Debit,ATM,49.0,Doctor,265.0,1.0,12893.85,Medium,0
206.63,Credit,Online,59.0,Retired,128.0,1.0,7626.53,High,2
93.22,Debit,Online,52.0,Retired,52.0,1.0,1014.6300000000006,Medium,0
641.06,Debit,ATM,23.0,Student,25.0,1.0,1602.13,Low,1
836.45,Debit,Online,61.0,Retired,63.0,1.0,1731.8900000000003,High,2
189.45,Credit,Branch,53.0,Doctor,62.0,1.0,12578.75,Medium,0
91.84,Credit,Branch,67.0,Retired,80.0,1.0,1712.4099999999999,High,2
609.52,Debit,ATM,78.0,Retired,169.0,1.0,3485.03,High,2
859.3,Credit,Branch,78.0,Retired,68.0,1.0,1146.7800000000002,High,2
100.00999999999999,Debit,ATM,50.0,Doctor,63.0,1.0,6393.12,Medium,0
28.78,Credit,Online,40.0,Doctor,51.0,1.0,680.5500000000002,Medium,0
111.07999999999998,Debit,Online,70.0,Doctor,83.0,1.0,7037.34,High,2
52.22999999999999,Credit,Branch,28.0,Student,96.0,1.0,105.01000000000022,Low,1
78.62,Debit,Branch,32.0,Doctor,52.0,1.0,1360.85,Low,0
333.97,Debit,Branch,52.0,Doctor,45.0,1.0,5237.36,Medium,0
30.870000000000005,Debit,ATM,33.0,Doctor,295.0,1.0,14348.649999999998,Medium,0
710.4300000000001,Debit,Online,67.0,Retired,115.0,1.0,5625.55,High,2
220.23,Debit,ATM,41.0,Engineer,48.0,1.0,3438.02,Medium,0
27.279999999999973,Debit,ATM,29.0,Doctor,96.0,1.0,10668.24,Low,0
101.51999999999998,Debit,ATM,49.0,Engineer,98.0,1.0,2018.9,Medium,0
162.65,Debit,ATM,59.0,Engineer,147.0,1.0,9500.95,High,2
10.519999999999982,Debit,ATM,55.0,Retired,30.0,1.0,2472.99,Medium,0
270.72,Debit,Branch,38.0,Doctor,37.0,1.0,6522.47,Medium,0
247.58,Debit,ATM,39.0,Engineer,152.0,1.0,778.7399999999998,Medium,0
359.65,Credit,Online,25.0,Student,289.0,1.0,219.52999999999975,Low,1
109.91,Debit,Branch,38.0,Doctor,90.0,1.0,12896.06,Medium,0
215.72,Credit,Branch,30.0,Engineer,137.0,1.0,8697.11,Low,0
224.28,Debit,Online,64.0,Retired,68.0,1.0,5767.51,High,2
608.79,Debit,Online,55.0,Engineer,157.0,1.0,2991.17,Medium,0
840.1600000000001,Credit,Branch,20.0,Student,68.0,1.0,1236.7600000000002,Low,1
203.34,Debit,ATM,60.0,Doctor,66.0,1.0,13586.989999999998,High,2
90.88,Debit,ATM,26.0,Engineer,284.0,1.0,7117.35,Low,0
60.110000000000014,Credit,Branch,61.0,Retired,122.0,1.0,7235.87,High,2
393.92,Debit,Branch,72.0,Retired,47.0,1.0,7318.64,High,2
19.389999999999958,Debit,ATM,43.0,Doctor,45.0,1.0,9847.6,Medium,0
557.41,Credit,Online,80.0,Retired,49.0,1.0,2968.75,High,2
57.06999999999999,Credit,Online,31.0,Doctor,99.0,1.0,9323.71,Low,0
395.27,Credit,Online,18.0,Student,167.0,1.0,1764.08,Low,1
289.05,Debit,ATM,75.0,Retired,116.0,1.0,5683.49,High,2
46.110000000000014,Debit,Online,33.0,Doctor,233.0,1.0,5225.73,Medium,0
335.5,Debit,ATM,63.0,Retired,47.0,1.0,6445.4,High,2
388.07,Debit,Online,24.0,Student,68.0,1.0,289.71000000000004,Low,1
520.86,Credit,Online,51.0,Engineer,66.0,1.0,9200.74,Medium,0
787.4100000000001,Debit,Online,25.0,Student,39.0,1.0,300.8699999999999,Low,1
31.69999999999999,Credit,ATM,48.0,Doctor,121.0,1.0,743.8999999999996,Medium,0
22.299999999999983,Debit,ATM,21.0,Student,90.0,1.0,1200.35,Low,1
203.12,Debit,ATM,56.0,Retired,181.0,1.0,1562.3900000000003,High,2
315.94,Credit,Branch,49.0,Doctor,172.0,1.0,7719.71,Medium,0
0.2599999999999909,Debit,Online,20.0,Student,173.0,1.0,1833.67,Low,1
210.77,Debit,ATM,71.0,Retired,161.0,1.0,5396.65,High,2
406.65,Debit,ATM,57.0,Doctor,107.0,1.0,12995.7,High,2
422.9,Debit,ATM,40.0,Engineer,111.0,1.0,7616.43,Medium,0
20.620000000000033,Credit,ATM,35.0,Doctor,225.0,1.0,12500.8,Medium,0
174.39,Debit,ATM,19.0,Student,36.0,1.0,1127.08,Low,1
54.849999999999994,Credit,Branch,58.0,Retired,40.000000000000014,1.0,2727.45,High,2
16.55000000000004,Debit,Branch,26.0,Engineer,159.0,1.0,6089.79,Low,0
91.32,Debit,Branch,58.0,Engineer,77.0,1.0,2618.1,High,2
49.620000000000005,Debit,ATM,55.0,Engineer,111.0,1.0,3841.42,Medium,0
487.16,Credit,Branch,28.0,Student,84.0,1.0,321.21000000000004,Low,1
405.6,Debit,Online,37.0,Engineer,44.0,1.0,9754.73,Medium,0
512.95,Debit,Branch,57.0,Engineer,143.0,1.0,9584.52,High,2
345.94,Debit,ATM,31.0,Doctor,163.0,1.0,7624.56,Low,0
356.56,Debit,Online,47.0,Engineer,52.0,1.0,2485.73,Medium,0
10.310000000000002,Debit,Online,36.0,Engineer,280.0,1.0,2137.9,Medium,0
211.69,Debit,Branch,30.0,Doctor,111.0,1.0,6412.85,Low,0
221.49,Credit,Branch,23.0,Student,196.0,1.0,707.25,Low,1
116.88,Debit,ATM,45.0,Doctor,263.0,1.0,7717.34,Medium,0
328.77,Credit,Online,39.0,Doctor,247.0,1.0,6967.03,Medium,0
77.53,Debit,Branch,54.0,Retired,55.0,1.0,5158.6,Medium,0
421.74,Debit,Online,67.0,Doctor,103.0,1.0,12031.14,High,2
313.69,Debit,Branch,73.0,Retired,152.0,1.0,7093.68,High,2
411.72,Debit,Branch,29.0,Doctor,153.0,1.0,8539.86,Low,0
508.73,Debit,Branch,59.0,Retired,89.0,1.0,7640.57,High,2
153.08,Debit,ATM,24.0,Student,201.0,1.0,1292.21,Low,1
23.00999999999999,Debit,Branch,63.0,Retired,166.0,1.0,5958.75,High,2
69.28,Debit,Online,25.0,Student,129.0,1.0,708.7399999999998,Low,1
51.25,Credit,Branch,28.0,Student,66.0,1.0,1744.4,Low,1
407.65,Debit,ATM,25.0,Student,263.0,1.0,273.77999999999975,Low,1
459.25,Debit,Branch,25.0,Student,59.0,1.0,130.76000000000022,Low,1
301.56,Debit,Branch,49.0,Doctor,118.0,1.0,10389.6,Medium,0
17.670000000000016,Debit,Online,63.0,Doctor,91.0,1.0,1048.1800000000007,High,2
5.289999999999964,Credit,Online,32.0,Doctor,132.0,1.0,12896.68,Low,0
401.37,Debit,Branch,43.0,Engineer,251.0,1.0,8208.54,Medium,0
145.39999999999998,Debit,Online,38.0,Engineer,24.0,1.0,5244.49,Medium,0
34.309999999999974,Debit,ATM,24.0,Student,251.0,1.0,1484.7600000000002,Low,1
780.5900000000001,Credit,Online,23.0,Student,145.0,1.0,6513.34,Low,1
282.65,Debit,ATM,35.0,Doctor,161.0,1.0,13801.149999999998,Medium,0
305.27,Debit,Online,68.0,Doctor,147.0,1.0,12958.65,High,2
185.81,Debit,Online,32.0,Doctor,116.0,1.0,9588.71,Low,0
447.95,Debit,Branch,29.0,Engineer,75.0,1.0,7544.4,Low,0
279.3,Debit,ATM,19.0,Student,48.0,1.0,1193.6099999999992,Low,1
611.15,Debit,ATM,27.0,Student,121.0,1.0,892.8299999999999,Low,1
275.2,Debit,Online,54.0,Engineer,81.0,1.0,1230.12,Medium,0
427.79,Debit,Branch,18.0,Student,189.0,1.0,1479.67,Low,1
102.81,Debit,Branch,76.0,Retired,47.0,1.0,3228.87,High,2
22.610000000000014,Debit,Online,19.0,Student,145.0,1.0,1111.67,Low,1
68.28,Debit,Online,56.0,Engineer,293.0,1.0,3213.16,High,2
33.650000000000034,Credit,Online,63.0,Doctor,146.0,1.0,12719.93,High,2
362.68,Credit,ATM,63.0,Retired,137.0,1.0,2040.77,High,2
73.23000000000002,Debit,Branch,20.0,Student,172.0,1.0,1309.85,Low,1
654.49,Credit,Online,25.0,Student,104.0,1.0,164.60999999999967,Low,1
18.560000000000002,Credit,Branch,49.0,Engineer,161.0,1.0,4230.37,Medium,0
389.05,Debit,ATM,27.0,Student,41.0,1.0,761.0,Low,1
66.91,Debit,ATM,39.0,Doctor,85.0,1.0,871.1000000000004,Medium,0
335.48,Debit,Branch,45.0,Engineer,155.0,1.0,3023.16,Medium,0
38.139999999999986,Debit,Online,19.0,Student,174.0,1.0,1119.21,Low,1
360.02,Debit,Online,68.0,Retired,68.0,1.0,6400.59,High,2
567.71,Debit,Online,63.0,Doctor,80.0,1.0,13884.239999999998,High,2
218.19,Debit,ATM,19.0,Student,185.0,1.0,620.8299999999999,Low,1
209.99,Debit,ATM,19.0,Student,40.000000000000014,1.0,1938.0100000000002,Low,1
11.02000000000001,Debit,Branch,19.0,Student,280.0,1.0,964.79,Low,1
83.43,Debit,Online,56.0,Retired,109.0,1.0,1870.1599999999999,High,2
344.97,Debit,Online,34.0,Doctor,106.0,1.0,5577.94,Medium,0
172.29,Debit,ATM,36.0,Engineer,283.0,1.0,8700.8,Medium,0
195.54,Debit,Online,60.0,Retired,255.0,1.0,2794.66,High,2
180.46,Debit,ATM,25.0,Student,34.0,1.0,831.75,Low,1
692.55,Debit,Branch,53.0,Retired,109.0,1.0,2451.56,Medium,0
147.31,Credit,Online,34.0,Doctor,92.0,1.0,13625.52,Medium,0
107.48000000000002,Debit,Branch,20.0,Student,103.0,1.0,1379.3900000000003,Low,1
81.50999999999999,Debit,Branch,25.0,Student,97.0,1.0,865.4899999999998,Low,1
365.48,Credit,Online,76.0,Retired,216.0,1.0,7147.4,High,2
491.1,Credit,Online,35.0,Engineer,125.0,1.0,7833.85,Medium,0
452.8,Debit,Branch,80.0,Retired,151.0,1.0,4840.67,High,2
88.42000000000002,Debit,ATM,62.0,Doctor,91.0,1.0,12381.45,High,2
155.53,Debit,ATM,29.0,Engineer,66.0,1.0,4008.05,Low,0
39.24000000000001,Debit,ATM,77.0,Retired,106.0,1.0,6462.41,High,2
78.76999999999998,Credit,ATM,48.0,Engineer,50.0,1.0,6470.57,Medium,0
26.5,Debit,Online,48.0,Engineer,179.0,1.0,4854.83,Medium,0
83.62,Debit,ATM,48.0,Doctor,146.0,1.0,12652.22,Medium,0
142.77999999999997,Debit,Branch,68.0,Doctor,150.0,1.0,11705.88,High,2
55.99000000000001,Debit,ATM,35.0,Doctor,95.0,1.0,932.6099999999997,Medium,0
774.48,Debit,Branch,61.0,Doctor,31.0,1.0,11613.58,High,2
105.37,Debit,ATM,25.0,Student,160.0,1.0,1068.5500000000002,Low,1
118.82999999999998,Debit,Online,28.0,Student,295.0,1.0,1616.3000000000002,Low,1
46.22,Debit,Branch,23.0,Student,217.0,1.0,471.27999999999975,Low,1
659.71,Credit,Branch,21.0,Student,148.0,1.0,106.85999999999967,Low,1
377.97,Debit,Online,72.0,Retired,160.0,1.0,2457.1,High,2
114.1,Debit,Branch,69.0,Retired,148.0,1.0,5882.12,High,2
11.300000000000011,Credit,Online,55.0,Retired,41.0,1.0,1938.9899999999998,Medium,0
95.5,Debit,Online,57.0,Retired,17.0,1.0,4079.09,High,2
130.93,Credit,Branch,28.0,Engineer,149.0,1.0,860.1199999999999,Low,0
272.97,Debit,Online,68.0,Retired,174.0,1.0,7811.31,High,2
73.35,Debit,Branch,24.0,Student,47.0,1.0,1181.8400000000001,Low,1
29.93999999999997,Debit,ATM,58.0,Doctor,243.0,1.0,10915.54,High,2
820.46,Credit,Online,53.0,Engineer,243.0,1.0,5621.86,Medium,0
153.07,Debit,ATM,56.0,Engineer,116.0,1.0,8873.43,High,2
52.94,Debit,Branch,41.0,Doctor,146.0,1.0,6990.92,Medium,0
384.41,Debit,ATM,60.0,Engineer,65.0,1.0,7831.56,High,2
235.42,Debit,Branch,51.0,Retired,175.0,1.0,6173.23,Medium,0
114.23000000000002,Debit,ATM,56.0,Doctor,64.0,1.0,9523.72,High,2
12.620000000000005,Debit,Branch,33.0,Doctor,61.0,1.0,6420.47,Medium,0
373.52,Debit,ATM,35.0,Engineer,235.0,1.0,6430.41,Medium,0
336.05,Debit,Branch,28.0,Student,164.0,1.0,1635.0500000000002,Low,1
112.26999999999998,Debit,Branch,58.0,Doctor,102.0,1.0,7369.89,High,2
494.9599999999999,Debit,ATM,40.0,Engineer,132.0,1.0,6903.68,Medium,0
561.58,Debit,Online,65.0,Doctor,23.0,1.0,11748.86,High,2
440.94,Debit,Online,42.0,Doctor,148.0,1.0,7303.23,Medium,0
71.9,Debit,Branch,29.0,Doctor,51.0,1.0,10619.35,Low,0
256.66,Credit,Online,54.0,Retired,137.0,1.0,1794.5,Medium,0
166.55,Credit,Branch,59.0,Doctor,99.0,1.0,12970.21,High,2
276.26,Debit,Branch,56.0,Doctor,143.0,1.0,120.89000000000033,High,2
35.46000000000001,Debit,ATM,67.0,Doctor,164.0,1.0,5692.31,High,2
38.139999999999986,Debit,Branch,50.0,Engineer,165.0,1.0,9879.87,Medium,0
506.26,Credit,ATM,64.0,Retired,86.0,1.0,6266.65,High,2
736.3200000000002,Debit,Online,31.0,Doctor,28.0,1.0,14268.95,Low,0
389.43,Credit,ATM,52.0,Engineer,151.0,1.0,6449.83,Medium,0
25.579999999999956,Debit,ATM,60.0,Engineer,166.0,1.0,6741.41,High,2
446.1,Debit,ATM,25.0,Student,243.0,1.0,1008.4400000000005,Low,1
147.74,Debit,Branch,23.0,Student,15.0,1.0,1711.7799999999997,Low,1
46.22999999999999,Debit,Online,77.0,Retired,282.0,1.0,5107.75,High,2
265.37,Debit,Branch,33.0,Engineer,77.0,1.0,5229.95,Medium,0
342.57,Debit,Online,20.0,Student,91.0,1.0,339.15999999999985,Low,1
417.26,Credit,Online,32.0,Doctor,45.0,1.0,10442.48,Low,0
33.62999999999997,Debit,Online,63.0,Retired,76.0,1.0,4324.4,High,2
64.57999999999998,Debit,Branch,55.0,Retired,173.0,1.0,6292.29,Medium,0
23.22999999999999,Credit,Branch,21.0,Student,122.0,1.0,269.0100000000002,Low,1
285.49,Credit,Branch,53.0,Doctor,109.0,1.0,6366.84,Medium,0
71.87,Debit,ATM,21.999999999999996,Student,258.0,1.0,1839.1,Low,1
308.8,Debit,ATM,53.0,Retired,41.0,1.0,3966.54,Medium,0
288.43,Debit,Branch,66.0,Retired,72.0,1.0,4577.09,High,2
147.46,Credit,Online,65.0,Doctor,205.0,1.0,7458.03,High,2
170.36,Debit,ATM,30.0,Doctor,118.0,1.0,6034.73,Low,0
736.53,Debit,ATM,55.0,Engineer,120.0,1.0,9826.26,Medium,0
213.42,Debit,ATM,45.0,Engineer,17.0,1.0,3736.38,Medium,0
94.09,Debit,Branch,27.0,Student,203.0,1.0,646.8500000000004,Low,1
263.92,Credit,Branch,57.0,Retired,233.0,1.0,4161.71,High,2
77.5,Credit,Online,51.0,Doctor,201.0,1.0,11079.77,Medium,0
3.6499999999999773,Debit,Online,69.0,Doctor,146.0,1.0,10017.11,High,2
224.79,Debit,Online,18.0,Student,129.0,1.0,528.3800000000001,Low,1
64.30000000000001,Debit,ATM,55.0,Retired,67.0,1.0,7530.3,Medium,0
111.79000000000002,Debit,Online,62.0,Doctor,49.0,1.0,10887.59,High,2
613.7,Credit,Branch,61.0,Retired,37.0,1.0,7307.11,High,2
170.45,Debit,Branch,60.0,Engineer,199.0,1.0,2284.41,High,2
344.27,Debit,Branch,21.999999999999996,Student,123.0,1.0,1918.3599999999997,Low,1
872.72,Debit,Online,21.999999999999996,Student,288.0,1.0,503.0100000000002,Low,1
292.95,Debit,Branch,37.0,Engineer,56.0,1.0,1216.9099999999999,Medium,0
28.439999999999998,Debit,ATM,18.0,Student,243.0,1.0,1071.04,Low,1
209.02,Debit,ATM,21.0,Student,74.0,1.0,187.89999999999964,Low,1
20.05000000000004,Debit,ATM,72.0,Retired,171.0,1.0,7145.67,High,2
175.02,Debit,Online,28.0,Student,71.0,1.0,1493.88,Low,1
89.5,Credit,Branch,41.0,Engineer,134.0,1.0,8658.95,Medium,0
69.95999999999998,Debit,Branch,28.0,Student,31.0,1.0,164.1199999999999,Low,1
376.78,Credit,Online,21.0,Student,88.0,1.0,841.6499999999996,Low,1
148.54,Credit,Branch,71.0,Retired,107.0,1.0,5677.05,High,2
388.77,Credit,Online,26.0,Student,30.0,1.0,1658.4899999999998,Low,1
100.38,Debit,Branch,63.0,Doctor,49.0,1.0,10171.68,High,2
137.23,Debit,Branch,64.0,Doctor,63.0,1.0,13847.989999999998,High,2
870.3,Debit,ATM,51.0,Retired,229.0,1.0,3688.98,Medium,0
458.94,Debit,Branch,52.0,Engineer,180.0,1.0,5619.95,Medium,0
327.35,Credit,Branch,20.0,Student,175.0,1.0,342.0799999999999,Low,1
757.1500000000001,Debit,Online,53.0,Engineer,38.0,1.0,4702.86,Medium,0
47.22999999999999,Credit,Online,73.0,Retired,160.0,1.0,6659.81,High,2
170.97,Debit,Branch,26.0,Student,292.0,1.0,1265.27,Low,1
659.15,Debit,ATM,21.999999999999996,Student,204.0,1.0,1241.5900000000001,Low,1
31.53000000000003,Debit,Online,25.0,Student,283.0,1.0,874.9300000000003,Low,1
250.01,Debit,ATM,62.0,Retired,88.0,1.0,1541.48,High,2
554.15,Debit,ATM,49.0,Doctor,108.0,1.0,14817.219999999998,Medium,0
28.380000000000024,Debit,Branch,55.0,Doctor,98.0,1.0,173.69999999999982,Medium,0
16.80000000000001,Debit,ATM,49.0,Doctor,94.0,1.0,11847.07,Medium,0
896.79,Debit,Online,33.0,Doctor,168.0,1.0,11146.74,Medium,0
159.0,Debit,ATM,49.0,Engineer,38.0,1.0,369.78999999999996,Medium,0
56.31,Credit,Online,75.0,Retired,195.0,1.0,6396.08,High,2
203.99,Debit,Online,52.0,Retired,215.0,1.0,4840.31,Medium,0
50.99000000000001,Debit,Branch,29.0,Doctor,76.0,1.0,1334.6,Low,0
101.28,Credit,Online,32.0,Engineer,75.0,1.0,2774.35,Low,0
299.92,Debit,ATM,27.0,Student,122.0,1.0,1368.0,Low,1
18.350000000000023,Debit,Branch,21.0,Student,78.0,1.0,1293.3900000000003,Low,1
732.53,Credit,ATM,26.0,Student,116.0,1.0,441.53999999999996,Low,1
65.11000000000001,Debit,ATM,34.0,Engineer,150.0,1.0,8485.14,Medium,0
67.07,Credit,ATM,24.0,Student,56.0,1.0,999.6199999999999,Low,1
137.48,Debit,Branch,55.0,Doctor,47.0,1.0,14273.419999999998,Medium,0
398.36,Debit,ATM,21.999999999999996,Student,56.0,1.0,1863.6999999999998,Low,1
469.46,Debit,ATM,20.0,Student,149.0,1.0,8640.56,Low,1
37.58000000000001,Debit,ATM,57.0,Doctor,182.0,1.0,259.4399999999996,High,2
160.24,Debit,ATM,31.0,Engineer,15.0,1.0,5526.97,Low,0
315.39,Credit,Branch,23.0,Student,93.0,1.0,929.6000000000004,Low,1
165.91,Debit,ATM,26.0,Student,84.0,1.0,587.1199999999999,Low,1
211.36,Debit,Branch,47.0,Engineer,194.0,1.0,4760.34,Medium,0
241.45,Debit,Online,26.0,Student,158.0,1.0,1594.04,Low,1
23.240000000000038,Debit,Branch,68.0,Doctor,129.0,1.0,13777.79,High,2
70.88,Credit,Branch,74.0,Retired,176.0,1.0,1794.65,High,2
314.52,Debit,ATM,80.0,Retired,229.0,1.0,7071.32,High,2
181.81,Credit,Online,78.0,Retired,122.0,1.0,7525.73,High,2
854.6400000000001,Debit,Branch,56.0,Retired,118.0,1.0,2989.25,High,2
261.19,Debit,ATM,64.0,Retired,52.0,1.0,7620.6,High,2
220.68,Credit,Online,71.0,Retired,217.0,1.0,5549.2,High,2
11.860000000000014,Debit,Branch,31.0,Engineer,129.0,1.0,6782.61,Low,0
122.65,Debit,Online,28.0,Student,41.0,1.0,1968.5100000000002,Low,1
395.16,Debit,Online,56.0,Retired,17.0,1.0,5340.73,High,2
704.69,Debit,Online,51.0,Retired,150.0,1.0,3267.84,Medium,0
369.89,Debit,ATM,69.0,Retired,69.0,1.0,6941.47,High,2
10.919999999999987,Debit,ATM,67.0,Retired,268.0,1.0,7567.2,High,2
199.14,Debit,Branch,31.0,Engineer,36.0,1.0,7001.25,Low,0
620.54,Credit,Branch,28.0,Student,98.0,1.0,213.35999999999967,Low,1
757.79,Debit,Online,21.999999999999996,Student,117.0,1.0,1443.02,Low,1
122.81,Debit,Branch,52.0,Doctor,12.0,1.0,8450.84,Medium,0
96.25,Debit,Online,61.0,Retired,171.0,1.0,7996.7,High,2
142.55,Debit,Online,67.0,Doctor,97.0,1.0,1262.6800000000003,High,2
35.940000000000026,Credit,Branch,23.0,Student,141.0,1.0,1697.2799999999997,Low,1
24.860000000000014,Debit,Branch,58.0,Engineer,292.0,1.0,2591.65,High,2
103.07999999999998,Debit,Online,60.0,Doctor,109.0,1.0,12002.16,High,2
116.26999999999998,Debit,Online,57.0,Engineer,94.0,1.0,8726.92,High,2
50.900000000000006,Credit,Online,28.0,Student,150.0,1.0,1277.6999999999998,Low,1
206.84,Debit,Branch,20.0,Student,154.0,1.0,454.65999999999985,Low,1
199.37,Debit,Online,24.0,Student,79.0,1.0,1331.3000000000002,Low,1
18.22999999999999,Debit,ATM,56.0,Engineer,28.0,1.0,8422.2,High,2
398.7,Debit,ATM,47.0,Doctor,276.0,1.0,7987.74,Medium,0
378.2,Debit,Branch,40.0,Engineer,167.0,1.0,7372.81,Medium,0
124.74000000000001,Debit,ATM,49.0,Engineer,33.0,1.0,2987.97,Medium,0
17.099999999999966,Debit,ATM,53.0,Retired,101.0,1.0,1619.54,Medium,0
287.05,Debit,ATM,21.999999999999996,Student,212.0,1.0,1204.65,Low,1
874.72,Debit,Online,28.0,Engineer,173.0,1.0,4630.58,Low,0
40.120000000000005,Credit,ATM,36.0,Doctor,269.0,1.0,14304.379999999997,Medium,0
125.0,Credit,Online,49.0,Engineer,177.0,1.0,3215.76,Medium,0
348.44,Debit,Online,24.0,Student,147.0,1.0,1022.94,Low,1
128.4,Debit,ATM,69.0,Retired,31.0,1.0,2610.64,High,2
320.93,Debit,Online,55.0,Engineer,178.0,1.0,9451.66,Medium,0
1.4099999999999682,Debit,ATM,53.0,Retired,278.0,1.0,1244.17,Medium,0
50.52000000000001,Debit,Branch,54.0,Doctor,293.0,1.0,12815.24,Medium,0
383.95,Credit,Online,31.0,Engineer,143.0,1.0,9933.56,Low,0
12.939999999999998,Debit,Branch,23.0,Student,158.0,1.0,921.2300000000005,Low,1
329.75,Debit,Online,56.0,Retired,211.0,1.0,6009.43,High,2
99.25,Credit,Online,63.0,Retired,93.0,1.0,2570.34,High,2
150.6,Debit,ATM,69.0,Retired,59.0,1.0,3240.14,High,2
29.5,Debit,Online,73.0,Retired,129.0,1.0,1229.3199999999997,High,2
54.34,Debit,ATM,65.0,Doctor,46.0,1.0,8019.89,High,2
18.25,Debit,ATM,53.0,Doctor,17.999999999999986,1.0,14328.29,Medium,0
633.87,Debit,Online,27.0,Student,175.0,1.0,330.15999999999985,Low,1
81.15,Debit,ATM,19.0,Student,114.0,1.0,1595.2600000000002,Low,1
83.94999999999999,Debit,Online,75.0,Retired,170.0,1.0,7413.18,High,2
410.4,Credit,ATM,61.0,Retired,78.0,1.0,2563.91,High,2
172.68,Debit,ATM,33.0,Doctor,17.0,1.0,10724.95,Medium,0
139.88,Debit,ATM,34.0,Engineer,162.0,1.0,2969.71,Medium,0
165.55,Debit,Branch,28.0,Student,115.0,1.0,761.7799999999997,Low,1
285.69,Debit,ATM,63.0,Retired,35.0,1.0,2552.54,High,2
532.4,Debit,ATM,21.999999999999996,Student,149.0,1.0,1033.73,Low,1
293.85,Debit,Online,25.0,Student,144.0,1.0,1919.9700000000003,Low,1
27.939999999999998,Debit,Branch,79.0,Retired,120.0,1.0,1893.44,High,2
270.36,Debit,ATM,25.0,Student,37.0,1.0,1783.04,Low,1
506.03,Debit,Branch,21.0,Student,21.0,1.0,1123.8900000000003,Low,1
206.95,Debit,Branch,21.999999999999996,Student,31.0,1.0,1817.65,Low,1
350.96,Debit,ATM,63.0,Retired,167.0,1.0,5463.94,High,2
261.63,Debit,Branch,20.0,Student,150.0,1.0,477.02999999999975,Low,1
46.120000000000005,Debit,Branch,59.0,Doctor,30.0,1.0,8874.01,High,2
27.25,Credit,Branch,63.0,Retired,92.0,1.0,5365.2,High,2
331.66,Debit,ATM,76.0,Retired,145.0,1.0,7216.3,High,2
667.95,Credit,ATM,62.0,Doctor,253.0,1.0,13558.559999999998,High,2
556.04,Debit,ATM,72.0,Retired,27.0,1.0,5200.04,High,2
88.06,Credit,Online,18.0,Student,288.0,1.0,1779.85,Low,1
67.25,Debit,Online,19.0,Student,157.0,1.0,467.39999999999964,Low,1
93.63,Debit,ATM,29.0,Engineer,141.0,1.0,9873.62,Low,0
41.129999999999995,Credit,Branch,77.0,Retired,58.00000000000001,1.0,6067.54,High,2
192.02,Credit,Online,79.0,Retired,154.0,1.0,5169.07,High,2
291.27,Debit,Branch,77.0,Retired,121.0,1.0,6878.86,High,2
341.84,Credit,Branch,27.0,Student,89.0,1.0,1400.04,Low,1
98.41,Debit,Online,27.0,Student,48.0,1.0,912.71,Low,1
27.51000000000002,Credit,Online,40.0,Doctor,103.0,1.0,13645.629999999997,Medium,0
25.77000000000001,Credit,Online,45.0,Doctor,277.0,1.0,11749.77,Medium,0
127.57,Debit,ATM,52.0,Retired,75.0,1.0,6118.2,Medium,0
392.05,Debit,ATM,60.0,Engineer,172.0,1.0,4383.69,High,2
521.01,Credit,Branch,41.0,Engineer,73.0,1.0,4004.55,Medium,0
849.76,Debit,ATM,25.0,Student,269.0,1.0,373.8800000000001,Low,1
172.5,Debit,Online,68.0,Doctor,31.0,1.0,6851.16,High,2
152.34,Debit,Branch,55.0,Doctor,115.0,1.0,6853.51,Medium,0
21.129999999999967,Debit,Branch,28.0,Student,153.0,1.0,948.6999999999998,Low,1
111.55000000000001,Debit,ATM,46.0,Doctor,101.0,1.0,12221.17,Medium,0
321.82,Credit,Branch,32.0,Engineer,43.0,1.0,6500.5,Low,0
148.77,Debit,Branch,67.0,Retired,175.0,1.0,2138.42,High,2
566.33,Credit,ATM,24.0,Student,66.0,1.0,379.8199999999997,Low,1
180.94,Debit,Branch,75.0,Retired,57.0,1.0,7659.99,High,2
77.9,Debit,Branch,21.0,Student,128.0,1.0,664.7200000000003,Low,1
318.92,Credit,Branch,21.0,Student,60.0,1.0,1167.2499999999995,Low,1
100.68,Debit,Online,63.0,Retired,139.0,1.0,1123.7499999999995,High,2
589.64,Debit,Online,62.0,Retired,210.0,1.0,2039.4,High,2
225.93,Credit,Branch,25.0,Student,199.0,1.0,1864.27,Low,1
651.55,Debit,Online,72.0,Retired,82.0,1.0,2325.78,High,2
80.97,Debit,Online,38.0,Doctor,157.0,1.0,5926.31,Medium,0
191.89,Debit,Branch,25.0,Student,14.0,1.0,399.5699999999997,Low,1
304.75,Credit,Branch,78.0,Retired,125.0,1.0,1916.3400000000001,High,2
201.53,Debit,Online,68.0,Retired,287.0,1.0,2732.86,High,2
8.449999999999989,Debit,ATM,21.999999999999996,Student,141.0,1.0,1115.3000000000002,Low,1
743.24,Credit,Online,19.0,Student,109.0,1.0,1024.19,Low,1
16.27000000000001,Debit,ATM,57.0,Doctor,44.0,1.0,10971.32,High,2
290.86,Debit,Online,45.0,Doctor,36.0,1.0,14631.879999999997,Medium,0
555.71,Credit,Branch,21.999999999999996,Student,73.0,1.0,830.3699999999999,Low,1
73.00999999999999,Credit,Online,25.0,Student,62.0,1.0,1997.33,Low,1
346.12,Debit,Branch,44.0,Doctor,12.0,1.0,13084.27,Medium,0
7.559999999999974,Debit,ATM,40.0,Doctor,145.0,1.0,8528.72,Medium,0
540.4,Debit,Branch,45.0,Doctor,272.0,1.0,425.7699999999995,Medium,0
264.14,Debit,ATM,64.0,Doctor,125.0,1.0,8459.26,High,2
248.15,Debit,ATM,75.0,Retired,202.0,1.0,2649.23,High,2
24.340000000000003,Debit,Branch,54.0,Engineer,110.0,1.0,6659.12,Medium,0
428.61,Debit,ATM,66.0,Doctor,62.0,1.0,11937.04,High,2
117.66,Credit,Branch,39.0,Doctor,126.0,1.0,6794.17,Medium,0
165.8,Debit,Online,60.0,Engineer,287.0,1.0,2064.76,High,2
289.18,Debit,ATM,65.0,Retired,64.0,1.0,3139.75,High,2
125.38999999999999,Debit,ATM,21.0,Student,140.0,1.0,202.6899999999996,Low,1
506.9,Credit,Branch,64.0,Doctor,56.0,1.0,11471.87,High,2
504.12,Credit,Branch,25.0,Student,101.0,1.0,1107.2799999999997,Low,1
42.09,Debit,Branch,29.0,Engineer,118.0,1.0,5526.28,Low,0
607.28,Debit,ATM,32.0,Doctor,84.0,1.0,9679.68,Low,0
91.9,Debit,Online,77.0,Retired,125.0,1.0,1033.9399999999996,High,2
303.43,Debit,Branch,21.999999999999996,Student,30.0,1.0,1833.2399999999998,Low,1
668.78,Debit,ATM,20.0,Student,141.0,1.0,983.6800000000003,Low,1
270.54,Credit,ATM,20.0,Student,139.0,1.0,269.77999999999975,Low,1
247.93,Debit,Branch,37.0,Engineer,79.0,1.0,9801.48,Medium,0
34.670000000000044,Debit,Online,19.0,Student,71.0,1.0,888.6000000000004,Low,1
326.03,Credit,Online,18.0,Student,137.0,1.0,290.2399999999998,Low,1
373.99,Debit,ATM,60.0,Doctor,140.0,1.0,8590.5,High,2
819.48,Debit,ATM,25.0,Student,26.0,1.0,1804.5,Low,1
14.0,Debit,ATM,49.0,Engineer,173.0,1.0,7975.18,Medium,0
57.16,Debit,ATM,40.0,Engineer,74.0,1.0,222.22000000000025,Medium,0
282.26,Debit,Online,37.0,Engineer,278.0,1.0,6857.2,Medium,0
473.2,Debit,Online,34.0,Doctor,173.0,1.0,248.52000000000044,Medium,0
192.97,Debit,ATM,59.0,Retired,140.0,1.0,3019.04,High,2
168.99,Debit,ATM,18.0,Student,203.0,1.0,1523.5699999999997,Low,1
1.8200000000000216,Debit,Online,80.0,Retired,60.0,1.0,5571.39,High,2
40.900000000000006,Debit,ATM,55.0,Doctor,37.0,1.0,1514.3400000000001,Medium,0
78.91,Debit,Online,61.0,Doctor,157.0,1.0,1817.4300000000003,High,2
169.97,Credit,ATM,21.999999999999996,Student,12.0,1.0,6269.12,Low,1
486.61,Credit,ATM,48.0,Engineer,130.0,1.0,2006.69,Medium,0
148.13,Debit,Branch,58.0,Retired,56.0,1.0,2189.38,High,2
164.52,Debit,ATM,61.0,Doctor,162.0,1.0,11036.74,High,2
268.7,Debit,ATM,53.0,Retired,63.0,1.0,2104.74,Medium,0
637.34,Debit,ATM,51.0,Retired,278.0,1.0,5183.5,Medium,0
216.76,Credit,Online,47.0,Engineer,138.0,1.0,643.6400000000003,Medium,0
418.02,Debit,ATM,46.0,Doctor,110.0,1.0,11011.86,Medium,0
292.03,Credit,ATM,46.0,Engineer,154.0,1.0,951.3299999999999,Medium,0
251.4,Debit,ATM,57.0,Retired,178.0,1.0,2561.67,High,2
184.56,Debit,Online,21.0,Student,93.0,1.0,1549.27,Low,1
33.75999999999999,Debit,Online,26.0,Engineer,227.0,1.0,3253.51,Low,0
138.68,Credit,Branch,21.999999999999996,Student,44.0,1.0,206.19999999999982,Low,1
42.56,Debit,Online,18.0,Student,146.0,1.0,4361.44,Low,1
53.829999999999984,Debit,Branch,70.0,Retired,131.0,1.0,4580.59,High,2
11.090000000000032,Debit,Branch,51.0,Engineer,95.0,1.0,2990.05,Medium,0
449.18,Debit,Online,67.0,Retired,50.0,1.0,1025.9899999999998,High,2
297.6,Debit,Online,39.0,Doctor,162.0,1.0,1461.17,Medium,0
683.75,Debit,Branch,32.0,Doctor,106.0,1.0,6333.72,Low,0
315.94,Debit,ATM,78.0,Retired,93.0,1.0,4273.99,High,2
223.76,Credit,Branch,74.0,Retired,110.0,1.0,4102.23,High,2
216.03,Debit,ATM,42.0,Doctor,300.0,1.0,10462.77,Medium,0
17.420000000000016,Debit,ATM,74.0,Retired,150.0,1.0,6851.31,High,2
491.91,Debit,Online,78.0,Retired,155.0,1.0,2421.94,High,2
218.07,Debit,Branch,23.0,Student,243.0,1.0,443.6199999999999,Low,1
422.14,Credit,Branch,26.0,Student,109.0,1.0,1436.3199999999997,Low,1
613.21,Debit,ATM,61.0,Retired,157.0,1.0,3279.12,High,2
73.82999999999998,Debit,Online,69.0,Doctor,69.0,1.0,6020.29,High,2
67.32999999999998,Debit,Online,59.0,Engineer,36.0,1.0,5925.98,High,2
26.920000000000044,Debit,ATM,62.0,Retired,43.0,1.0,1674.94,High,2
18.30000000000004,Debit,Online,48.0,Engineer,155.0,1.0,3733.52,Medium,0
317.94,Debit,ATM,54.0,Engineer,124.0,1.0,2996.51,Medium,0
179.38,Debit,Online,40.0,Doctor,173.0,1.0,11666.18,Medium,0
13.919999999999987,Debit,ATM,37.0,Engineer,209.0,1.0,2735.84,Medium,0
365.43,Debit,ATM,25.0,Student,176.0,1.0,1073.5100000000002,Low,1
263.59,Debit,Branch,71.0,Retired,16.0,1.0,6996.35,High,2
54.80000000000001,Debit,Branch,34.0,Engineer,140.0,1.0,4943.49,Medium,0
31.389999999999958,Debit,ATM,20.0,Student,15.0,1.0,998.4899999999998,Low,1
5.710000000000008,Debit,Branch,21.0,Student,106.0,1.0,1285.42,Low,1
178.39,Debit,Online,34.0,Engineer,98.0,1.0,8469.43,Medium,0
36.089999999999975,Debit,Branch,53.0,Doctor,167.0,1.0,12319.26,Medium,0
91.76999999999998,Debit,Branch,51.0,Doctor,174.0,1.0,9240.73,Medium,0
137.81,Debit,Branch,58.0,Engineer,44.0,1.0,2631.47,High,2
256.34,Debit,Branch,69.0,Retired,99.0,1.0,7471.63,High,2
56.110000000000014,Debit,Branch,36.0,Doctor,109.0,1.0,11123.65,Medium,0
118.1,Debit,ATM,50.0,Engineer,50.0,1.0,7976.6,Medium,0
137.86,Credit,Online,66.0,Doctor,120.0,1.0,8046.94,High,2
813.78,Credit,ATM,54.0,Doctor,55.0,1.0,14935.5,Medium,0
237.97,Debit,ATM,69.0,Doctor,69.0,1.0,13486.149999999998,High,2
684.96,Debit,ATM,21.0,Student,31.0,1.0,526.6700000000001,Low,1
878.6300000000001,Debit,ATM,60.0,Engineer,139.0,1.0,4954.37,High,2
276.56,Debit,Branch,68.0,Doctor,15.0,1.0,8942.58,High,2
8.75,Debit,ATM,79.0,Retired,199.0,1.0,4044.62,High,2
637.48,Debit,Online,65.0,Retired,207.0,1.0,4148.85,High,2
103.15,Debit,Branch,51.0,Doctor,179.0,1.0,11388.15,Medium,0
505.6,Debit,Branch,52.0,Retired,183.0,1.0,5347.57,Medium,0
371.86,Debit,ATM,46.0,Doctor,91.0,1.0,1329.4499999999998,Medium,0
14.259999999999991,Debit,Branch,50.0,Engineer,37.0,1.0,2475.65,Medium,0
13.159999999999997,Debit,Branch,43.0,Engineer,98.0,1.0,1019.46,Medium,0
73.00999999999999,Debit,ATM,56.0,Retired,101.0,1.0,2833.12,High,2
201.5,Credit,Online,61.0,Doctor,196.0,1.0,12148.32,High,2
150.3,Debit,Online,41.0,Doctor,204.0,1.0,14371.079999999998,Medium,0
23.69999999999999,Debit,ATM,46.0,Doctor,32.0,1.0,7947.44,Medium,0
49.59,Debit,Branch,48.0,Engineer,147.0,1.0,6037.03,Medium,0
720.1300000000001,Credit,ATM,21.999999999999996,Student,96.0,1.0,387.0199999999995,Low,1
134.92000000000002,Debit,Online,19.0,Student,101.0,1.0,1081.9699999999998,Low,1
116.97,Debit,ATM,18.0,Student,299.0,1.0,729.6999999999998,Low,1
88.29000000000002,Credit,Online,50.0,Engineer,287.0,1.0,5245.93,Medium,0
5.810000000000031,Debit,ATM,25.0,Student,222.0,1.0,1290.9499999999998,Low,1
103.48000000000002,Debit,ATM,32.0,Engineer,33.0,1.0,6494.25,Low,0
156.74,Debit,ATM,70.0,Retired,136.0,1.0,4004.35,High,2
505.14,Debit,ATM,68.0,Retired,179.0,1.0,2525.47,High,2
31.060000000000002,Debit,ATM,46.0,Doctor,61.0,1.0,11014.25,Medium,0
7.610000000000014,Debit,ATM,50.0,Doctor,163.0,1.0,6275.0,Medium,0
276.16,Credit,ATM,53.0,Retired,71.0,1.0,1733.3400000000001,Medium,0
145.77,Debit,ATM,68.0,Retired,237.0,1.0,5294.98,High,2
369.44,Debit,Online,34.0,Engineer,19.0,1.0,5018.67,Medium,0
558.86,Debit,ATM,60.0,Doctor,95.0,1.0,9844.32,High,2
429.15,Debit,Branch,26.0,Student,218.0,1.0,712.1300000000001,Low,1
36.73999999999998,Debit,Branch,33.0,Doctor,133.0,1.0,6217.58,Medium,0
79.13999999999999,Credit,Online,57.0,Retired,22.0,1.0,2229.56,High,2
132.48,Debit,Branch,36.0,Engineer,101.0,1.0,9313.05,Medium,0
203.76,Debit,Branch,55.0,Retired,37.0,1.0,6747.16,Medium,0
750.95,Debit,Branch,78.0,Retired,27.0,1.0,5134.37,High,2
0.839999999999975,Debit,ATM,52.0,Engineer,31.0,1.0,2207.54,Medium,0
257.18,Debit,Online,67.0,Doctor,28.0,1.0,13336.149999999998,High,2
767.66,Debit,ATM,63.0,Doctor,155.0,1.0,1801.69,High,2
182.29,Debit,Online,54.0,Doctor,123.0,1.0,522.3900000000003,Medium,0
184.51,Credit,Online,54.0,Doctor,118.0,1.0,9381.64,Medium,0
144.1,Debit,Branch,57.0,Doctor,30.0,1.0,11523.64,High,2
72.5,Debit,ATM,40.0,Doctor,30.0,1.0,12723.62,Medium,0
22.149999999999977,Debit,Branch,44.0,Doctor,73.0,1.0,7451.83,Medium,0
777.9200000000001,Debit,Branch,62.0,Doctor,97.0,1.0,7061.58,High,2
790.0700000000002,Debit,Online,28.0,Student,197.0,1.0,985.7699999999995,Low,1
767.4100000000001,Debit,ATM,56.0,Doctor,27.0,1.0,12799.34,High,2
4.5800000000000125,Credit,Online,21.0,Student,135.0,1.0,811.2399999999998,Low,1
49.670000000000016,Debit,Online,21.0,Student,146.0,1.0,842.9399999999996,Low,1
77.82999999999998,Credit,Branch,49.0,Engineer,146.0,1.0,2471.53,Medium,0
702.87,Debit,ATM,19.0,Student,184.0,1.0,1237.5,Low,1
868.05,Credit,Online,49.0,Engineer,119.0,1.0,3931.03,Medium,0
52.870000000000005,Debit,Branch,24.0,Student,70.0,1.0,960.96,Low,1
179.0,Debit,ATM,78.0,Retired,121.0,1.0,7310.88,High,2
384.11,Debit,ATM,58.0,Retired,12.0,1.0,7902.52,High,2
227.61,Debit,Online,71.0,Retired,61.0,1.0,4405.28,High,2
40.829999999999984,Debit,ATM,48.0,Engineer,24.0,1.0,3944.12,Medium,0
484.24,Debit,Branch,67.0,Doctor,77.0,1.0,8042.3,High,2
301.47,Debit,Branch,21.0,Student,291.0,1.0,560.7300000000005,Low,1
199.09,Debit,Online,70.0,Doctor,89.0,1.0,1658.52,High,2
515.94,Debit,ATM,29.0,Engineer,37.0,1.0,1389.8900000000003,Low,0
41.93000000000001,Debit,ATM,48.0,Engineer,136.0,1.0,5081.26,Medium,0
95.35,Debit,Online,21.0,Student,131.0,1.0,1639.9,Low,1
93.13999999999999,Debit,Online,67.0,Retired,151.0,1.0,5473.82,High,2
79.32999999999998,Credit,Online,51.0,Doctor,109.0,1.0,14798.099999999999,Medium,0
233.71,Debit,Online,19.0,Student,297.0,1.0,1231.98,Low,1
14.919999999999987,Debit,Branch,26.0,Engineer,120.0,1.0,6611.26,Low,0
242.17,Debit,ATM,60.0,Doctor,147.0,1.0,883.7200000000003,High,2
122.98000000000002,Debit,Online,79.0,Retired,228.0,1.0,5055.99,High,2
129.35000000000002,Debit,ATM,52.0,Engineer,130.0,1.0,7166.88,Medium,0
138.32999999999998,Debit,Online,21.0,Student,69.0,1.0,232.5600000000004,Low,1
39.31,Debit,Online,25.0,Student,178.0,1.0,1236.38,Low,1
91.85,Debit,Online,21.0,Student,148.0,1.0,802.0900000000001,Low,1
277.7,Debit,Branch,58.0,Engineer,107.0,1.0,1423.1999999999998,High,2
114.03,Debit,ATM,51.0,Doctor,172.0,1.0,13388.559999999998,Medium,0
302.63,Credit,Branch,27.0,Engineer,10.0,1.0,2801.28,Low,0
31.190000000000026,Debit,ATM,52.0,Engineer,74.0,1.0,5545.96,Medium,0
112.91,Credit,Online,27.0,Engineer,135.0,1.0,4764.48,Low,0
742.26,Debit,Online,27.0,Engineer,36.0,1.0,7868.19,Low,0
256.8,Debit,ATM,26.0,Student,80.0,1.0,1128.38,Low,1
378.68,Debit,ATM,60.0,Doctor,239.0,1.0,7627.04,High,2
571.93,Debit,Online,52.0,Retired,119.0,1.0,4026.03,Medium,0
26.310000000000002,Credit,Online,77.0,Retired,163.0,1.0,7095.76,High,2
533.61,Debit,Online,48.0,Engineer,115.0,1.0,3656.93,Medium,0
428.62,Debit,Branch,55.0,Retired,72.0,1.0,3473.24,Medium,0
361.22,Debit,ATM,64.0,Retired,167.0,1.0,7061.73,High,2
837.29,Debit,Branch,25.0,Student,216.0,1.0,6012.67,Low,1
135.27000000000004,Debit,ATM,48.0,Doctor,131.0,1.0,9410.51,Medium,0
185.1,Debit,Branch,53.0,Retired,23.0,1.0,6115.63,Medium,0
354.96,Debit,Online,69.0,Doctor,96.0,1.0,6712.94,High,2
224.22,Debit,Branch,53.0,Doctor,37.0,1.0,8400.87,Medium,0
737.1000000000001,Debit,ATM,60.0,Retired,92.0,1.0,4644.19,High,2
223.22,Debit,ATM,27.0,Student,96.0,1.0,1734.2200000000003,Low,1
557.26,Debit,ATM,69.0,Doctor,53.0,1.0,5237.12,High,2
27.439999999999998,Debit,ATM,62.0,Retired,164.0,1.0,5950.48,High,2
310.09,Debit,Branch,36.0,Doctor,166.0,1.0,9962.5,Medium,0
80.38,Debit,Online,52.0,Doctor,116.0,1.0,9662.88,Medium,0
26.100000000000023,Credit,Branch,66.0,Doctor,115.0,1.0,5243.0,High,2
845.1400000000001,Credit,Branch,73.0,Retired,183.0,1.0,1702.65,High,2
59.72999999999999,Debit,ATM,27.0,Student,56.0,1.0,800.9300000000003,Low,1
758.77,Debit,ATM,60.0,Engineer,114.0,1.0,7231.47,High,2
301.51,Debit,ATM,21.999999999999996,Student,284.0,1.0,1052.3099999999995,Low,1
118.06,Credit,Branch,32.0,Doctor,31.0,1.0,13560.629999999997,Low,0
483.9200000000001,Debit,ATM,70.0,Retired,115.0,1.0,3138.0,High,2
78.93,Debit,ATM,38.0,Doctor,145.0,1.0,9916.24,Medium,0
36.62999999999997,Debit,ATM,75.0,Retired,261.0,1.0,7941.73,High,2
87.85,Debit,Branch,49.0,Engineer,63.0,1.0,3753.24,Medium,0
705.3400000000001,Debit,Online,59.0,Doctor,124.0,1.0,5003.22,High,2
116.88999999999999,Debit,Online,71.0,Retired,226.0,1.0,4880.31,High,2
106.41,Debit,Branch,57.0,Retired,87.0,1.0,1310.38,High,2
584.41,Debit,ATM,23.0,Student,41.0,1.0,4475.22,Low,1
584.98,Credit,Branch,55.0,Retired,121.0,1.0,6521.05,Medium,0
79.20999999999998,Debit,Branch,56.0,Retired,140.0,1.0,1615.04,High,2
173.13,Credit,Online,20.0,Student,288.0,1.0,1490.3400000000001,Low,1
422.81,Debit,Branch,28.0,Student,193.0,1.0,1929.2799999999997,Low,1
135.43,Debit,ATM,57.0,Retired,92.0,1.0,5315.83,High,2
308.94,Debit,Online,25.0,Student,167.0,1.0,1931.6599999999999,Low,1
295.93,Debit,Branch,36.0,Doctor,117.0,1.0,1050.63,Medium,0
77.44,Debit,Branch,58.0,Retired,268.0,1.0,1950.63,High,2
92.5,Credit,Online,40.0,Engineer,70.0,1.0,6295.45,Medium,0
97.74000000000001,Credit,Online,41.0,Engineer,137.0,1.0,4113.63,Medium,0
291.68,Debit,ATM,21.0,Student,90.0,1.0,1451.02,Low,1
56.96000000000001,Debit,ATM,21.999999999999996,Student,135.0,1.0,1597.85,Low,1
436.8,Debit,Online,27.0,Student,92.0,1.0,1256.33,Low,1
259.49,Debit,Online,72.0,Retired,292.0,1.0,7320.61,High,2
726.26,Debit,Online,57.0,Retired,147.0,1.0,2150.38,High,2
568.68,Debit,ATM,72.0,Retired,101.0,1.0,2940.04,High,2
14.159999999999997,Credit,Branch,74.0,Retired,290.0,1.0,5399.76,High,2
61.329999999999984,Debit,ATM,27.0,Engineer,129.0,1.0,7537.4,Low,0
27.639999999999986,Debit,Online,54.0,Engineer,23.0,1.0,7498.51,Medium,0
3.8499999999999943,Debit,ATM,29.0,Doctor,32.0,1.0,10506.41,Low,0
431.22,Credit,Branch,73.0,Retired,129.0,1.0,6505.98,High,2
178.55,Debit,Branch,55.0,Engineer,67.0,1.0,7568.4,Medium,0
248.76,Debit,ATM,18.0,Student,56.0,1.0,546.46,Low,1
76.16,Debit,ATM,23.0,Student,99.0,1.0,1072.2499999999995,Low,1
347.25,Debit,ATM,69.0,Doctor,250.0,1.0,7273.55,High,2
325.98,Debit,ATM,19.0,Student,277.0,1.0,782.3500000000004,Low,1
249.56,Debit,Branch,76.0,Retired,246.0,1.0,4444.95,High,2
17.430000000000035,Debit,ATM,56.0,Doctor,33.0,1.0,10658.88,High,2
198.01,Credit,Branch,26.0,Student,40.000000000000014,1.0,250.9300000000003,Low,1
585.58,Debit,Branch,23.0,Student,55.0,1.0,1729.02,Low,1
434.67,Credit,Online,27.0,Student,124.0,1.0,1298.13,Low,1
510.7,Credit,Online,27.0,Student,294.0,1.0,5828.48,Low,1
331.98,Debit,ATM,74.0,Retired,12.0,1.0,7600.99,High,2
199.54,Debit,Online,56.0,Engineer,268.0,1.0,9603.73,High,2
212.97,Debit,Online,59.0,Engineer,178.0,1.0,4180.4,High,2
270.56,Debit,Online,23.0,Student,139.0,1.0,1268.44,Low,1
306.37,Debit,ATM,26.0,Engineer,120.0,1.0,9609.67,Low,0
643.02,Credit,ATM,38.0,Doctor,85.0,1.0,11989.39,Medium,0
98.48000000000002,Debit,Branch,47.0,Engineer,12.0,1.0,9538.92,Medium,0
889.01,Debit,Online,36.0,Engineer,169.0,1.0,4826.88,Medium,0
537.86,Debit,Online,27.0,Student,134.0,1.0,293.0600000000004,Low,1
241.18,Debit,ATM,25.0,Student,162.0,1.0,1445.5299999999997,Low,1
130.54,Debit,ATM,64.0,Doctor,94.0,1.0,11204.62,High,2
800.29,Credit,Branch,20.0,Student,84.0,1.0,693.3999999999996,Low,1
8.81000000000003,Debit,Online,57.0,Doctor,165.0,1.0,13523.649999999998,High,2
28.52000000000004,Debit,ATM,20.0,Student,163.0,1.0,662.5100000000002,Low,1
431.31,Credit,Online,23.0,Student,99.0,1.0,342.7300000000005,Low,1
885.3300000000002,Credit,ATM,47.0,Engineer,59.0,1.0,7764.16,Medium,0
199.23,Debit,ATM,29.0,Engineer,54.0,1.0,9834.0,Low,0
42.25999999999999,Debit,ATM,44.0,Doctor,171.0,1.0,268.7699999999995,Medium,0
166.06,Debit,ATM,30.0,Engineer,172.0,1.0,5397.68,Low,0
588.37,Debit,Online,28.0,Student,284.0,1.0,1926.08,Low,1
72.82,Debit,Online,68.0,Doctor,127.0,1.0,6911.62,High,2
162.36,Debit,Online,36.0,Engineer,147.0,1.0,7527.04,Medium,0
584.82,Credit,Online,43.0,Doctor,109.0,1.0,12071.1,Medium,0
38.150000000000006,Credit,Online,72.0,Retired,129.0,1.0,1425.4700000000003,High,2
639.57,Debit,Branch,60.0,Doctor,43.0,1.0,11726.47,High,2
58.22999999999999,Debit,Online,28.0,Student,34.0,1.0,9189.76,Low,1
776.21,Credit,Online,78.0,Retired,99.0,1.0,4895.87,High,2
188.61,Debit,Online,67.0,Retired,26.0,1.0,7167.57,High,2
675.37,Credit,Online,56.0,Retired,31.0,1.0,4704.91,High,2
94.82,Credit,Branch,67.0,Retired,56.0,1.0,1267.7200000000003,High,2
425.18,Credit,Online,59.0,Engineer,135.0,1.0,5790.55,High,2
50.28,Debit,Branch,60.0,Engineer,65.0,1.0,5729.1,High,2
70.68,Debit,Online,25.0,Student,105.0,1.0,1478.4099999999999,Low,1
261.77,Debit,Online,28.0,Student,46.0,1.0,824.71,Low,1
183.22,Debit,ATM,27.0,Student,63.0,1.0,1024.4199999999996,Low,1
156.86,Debit,ATM,51.0,Doctor,102.0,1.0,14453.349999999999,Medium,0
120.67000000000002,Debit,ATM,42.0,Doctor,233.0,1.0,5374.54,Medium,0
308.62,Credit,Branch,59.0,Engineer,101.0,1.0,9148.08,High,2
506.81,Debit,ATM,59.0,Engineer,41.0,1.0,2757.23,High,2
328.39,Debit,ATM,41.0,Engineer,108.0,1.0,2523.83,Medium,0
796.3,Debit,Branch,67.0,Retired,64.0,1.0,1498.79,High,2
72.47,Debit,Online,29.0,Doctor,72.0,1.0,1305.56,Low,0
279.6,Debit,ATM,25.0,Student,131.0,1.0,1910.9,Low,1
304.2,Debit,Online,25.0,Student,102.0,1.0,423.6400000000003,Low,1
351.38,Debit,Branch,64.0,Retired,21.0,1.0,7606.63,High,2
86.07,Debit,Branch,31.0,Doctor,23.0,1.0,842.5600000000004,Low,0
604.5,Debit,ATM,28.0,Student,80.0,1.0,709.4200000000001,Low,1
258.7,Debit,ATM,27.0,Student,123.0,1.0,1358.37,Low,1
11.460000000000008,Credit,Branch,75.0,Retired,64.0,1.0,7258.33,High,2
63.75999999999999,Debit,ATM,69.0,Retired,100.0,1.0,4980.26,High,2
446.83,Credit,Branch,55.0,Retired,143.0,1.0,1623.5,Medium,0
63.53999999999999,Debit,ATM,26.0,Engineer,136.0,1.0,4401.78,Low,0
81.11000000000001,Debit,Online,48.0,Engineer,110.0,1.0,2051.37,Medium,0
170.96,Debit,Branch,64.0,Doctor,69.0,1.0,13374.89,High,2
48.50999999999999,Debit,Branch,21.999999999999996,Student,69.0,1.0,3363.23,Low,1
325.03,Debit,Branch,60.0,Doctor,106.0,1.0,13521.759999999998,High,2
738.94,Debit,Branch,41.0,Doctor,173.0,1.0,13856.18,Medium,0
180.36,Credit,Online,33.0,Engineer,55.0,1.0,9905.23,Medium,0
720.46,Debit,Branch,54.0,Retired,44.0,1.0,3101.54,Medium,0
291.46,Debit,ATM,57.0,Retired,135.0,1.0,7142.53,High,2
98.24000000000001,Debit,Online,28.0,Student,148.0,1.0,580.6599999999999,Low,1
100.48000000000002,Credit,Branch,18.0,Student,104.0,1.0,6149.81,Low,1
45.900000000000006,Debit,Branch,56.0,Engineer,264.0,1.0,5698.25,High,2
258.21,Debit,Online,39.0,Doctor,225.0,1.0,9562.41,Medium,0
287.51,Debit,Online,21.999999999999996,Student,255.0,1.0,187.64999999999964,Low,1
501.3,Credit,Online,26.0,Engineer,146.0,1.0,8520.08,Low,0
26.100000000000023,Debit,ATM,27.0,Student,32.0,1.0,1435.7200000000003,Low,1
436.77,Debit,ATM,20.0,Student,176.0,1.0,825.6899999999996,Low,1
123.35,Credit,Online,31.0,Doctor,10.0,1.0,6852.16,Low,0
139.52,Debit,Branch,23.0,Student,31.0,1.0,1570.2200000000003,Low,1
2.5100000000000193,Debit,Online,63.0,Retired,32.0,1.0,4891.56,High,2
22.620000000000005,Debit,ATM,64.0,Doctor,102.0,1.0,7682.0,High,2
126.82999999999998,Debit,Branch,57.0,Retired,39.0,1.0,6100.98,High,2
46.599999999999994,Debit,Online,55.0,Doctor,68.0,1.0,1562.9,Medium,0
243.8,Debit,Branch,57.0,Doctor,48.0,1.0,13732.809999999998,High,2
231.51,Credit,Branch,60.0,Retired,96.0,1.0,5790.7,High,2
762.74,Debit,ATM,64.0,Doctor,244.0,1.0,207.10000000000036,High,2
34.03,Debit,Branch,57.0,Engineer,38.0,1.0,3077.2,High,2
101.50999999999999,Credit,Online,46.0,Engineer,199.0,1.0,3052.47,Medium,0
309.42,Debit,Branch,27.0,Engineer,42.0,1.0,8564.46,Low,0
257.6,Credit,Online,59.0,Retired,293.0,1.0,7950.74,High,2
82.00999999999999,Credit,Branch,23.0,Student,156.0,1.0,287.46000000000004,Low,1
476.99,Debit,Online,23.0,Student,187.0,1.0,1154.4799999999996,Low,1
333.39,Debit,ATM,68.0,Doctor,35.0,1.0,10628.59,High,2
10.300000000000011,Debit,ATM,47.0,Engineer,197.0,1.0,7801.32,Medium,0
98.94999999999999,Debit,Branch,75.0,Retired,73.0,1.0,5670.82,High,2
215.13,Debit,Online,46.0,Engineer,114.0,1.0,3956.69,Medium,0
218.57,Credit,Branch,62.0,Doctor,102.0,1.0,13869.86,High,2
341.88,Debit,ATM,43.0,Engineer,89.0,1.0,4159.52,Medium,0
50.43000000000001,Debit,Branch,32.0,Doctor,51.0,1.0,9794.26,Low,0
440.43,Debit,Branch,78.0,Retired,23.0,1.0,5123.24,High,2
1.9800000000000182,Debit,ATM,66.0,Doctor,170.0,1.0,11619.1,High,2
173.45,Debit,ATM,31.0,Engineer,161.0,1.0,9077.62,Low,0
438.76,Debit,Branch,21.999999999999996,Student,73.0,1.0,1824.19,Low,1
519.62,Credit,Online,71.0,Retired,40.000000000000014,1.0,4159.33,High,2
738.6799999999998,Debit,Online,50.0,Doctor,124.0,1.0,14352.329999999998,Medium,0
151.14,Debit,Online,64.0,Retired,38.0,1.0,2156.54,High,2
444.52,Debit,Online,27.0,Engineer,17.0,1.0,5424.6,Low,0
5.289999999999964,Debit,Online,52.0,Doctor,276.0,1.0,11263.89,Medium,0
97.63,Credit,Online,48.0,Doctor,127.0,1.0,12467.31,Medium,0
256.95,Debit,Branch,26.0,Engineer,71.0,1.0,2531.24,Low,0
734.86,Credit,Branch,48.0,Engineer,290.0,1.0,6242.03,Medium,0
84.28,Debit,Branch,39.0,Doctor,142.0,1.0,13586.059999999998,Medium,0
202.49,Credit,ATM,48.0,Engineer,69.0,1.0,7447.1,Medium,0
154.99,Debit,Branch,25.0,Student,53.0,1.0,1419.31,Low,1
481.53,Debit,Branch,58.0,Retired,277.0,1.0,6142.54,High,2
172.92,Debit,Online,20.0,Student,212.0,1.0,416.3699999999999,Low,1
275.59,Credit,Branch,53.0,Retired,238.0,1.0,6313.22,Medium,0
207.2,Debit,Online,60.0,Engineer,133.0,1.0,8092.94,High,2
136.82,Debit,Branch,31.0,Engineer,14.0,1.0,6229.13,Low,0
26.30000000000001,Debit,ATM,32.0,Doctor,33.0,1.0,7473.73,Low,0
319.5,Credit,Branch,29.0,Engineer,69.0,1.0,2366.3,Low,0
182.42,Debit,Branch,51.0,Retired,137.0,1.0,3051.29,Medium,0
716.62,Debit,ATM,44.0,Doctor,241.0,1.0,6987.4,Medium,0
222.96,Credit,ATM,65.0,Doctor,150.0,1.0,7370.41,High,2
79.76999999999998,Debit,ATM,68.0,Retired,167.0,1.0,5010.31,High,2
592.24,Debit,ATM,52.0,Doctor,140.0,1.0,9817.05,Medium,0
200.19,Credit,Branch,52.0,Retired,108.0,1.0,4389.96,Medium,0
343.88,Debit,Online,63.0,Retired,97.0,1.0,6486.18,High,2
162.1,Debit,Branch,41.0,Engineer,151.0,1.0,8576.65,Medium,0
36.12000000000003,Debit,Online,21.999999999999996,Student,234.0,1.0,1593.0299999999997,Low,1
354.91,Debit,ATM,74.0,Retired,191.0,1.0,3872.55,High,2
38.410000000000025,Debit,ATM,40.0,Doctor,117.0,1.0,9129.68,Medium,0
13.300000000000011,Debit,ATM,23.0,Student,63.0,1.0,213.0,Low,1
189.65,Debit,ATM,21.0,Student,60.0,1.0,8457.09,Low,1
255.32,Debit,ATM,80.0,Retired,27.0,1.0,6290.62,High,2
230.51,Credit,Branch,51.0,Engineer,56.0,1.0,9522.37,Medium,0
237.74,Debit,ATM,61.0,Doctor,152.0,1.0,11795.12,High,2
85.00999999999999,Credit,ATM,25.0,Student,157.0,1.0,1299.4,Low,1
444.47,Debit,Online,57.0,Retired,61.0,1.0,6062.94,High,2
55.97999999999999,Credit,Branch,24.0,Student,87.0,1.0,7047.04,Low,1
54.91,Credit,ATM,41.0,Engineer,275.0,1.0,7927.27,Medium,0
393.74,Debit,Online,26.0,Student,90.0,1.0,1769.06,Low,1
515.57,Debit,ATM,27.0,Engineer,56.0,1.0,9269.67,Low,0
332.15,Debit,ATM,59.0,Doctor,105.0,1.0,9749.46,High,2
177.94,Debit,Online,19.0,Student,173.0,1.0,123.23999999999978,Low,1
240.03,Debit,Online,33.0,Engineer,31.0,1.0,7807.73,Medium,0
474.77,Debit,Online,46.0,Engineer,284.0,1.0,8494.53,Medium,0
451.7,Debit,Online,29.0,Engineer,103.0,1.0,8994.67,Low,0
243.85,Debit,Branch,39.0,Engineer,43.0,1.0,4576.78,Medium,0
435.08,Debit,Online,55.0,Engineer,78.0,1.0,2103.41,Medium,0
127.78,Debit,ATM,20.0,Student,170.0,1.0,1046.6599999999999,Low,1
23.140000000000015,Credit,Online,47.0,Doctor,93.0,1.0,10536.54,Medium,0
545.87,Debit,Branch,27.0,Engineer,41.0,1.0,4860.01,Low,0
21.210000000000008,Debit,Online,55.0,Engineer,37.0,1.0,9575.42,Medium,0
423.53,Credit,Branch,50.0,Doctor,81.0,1.0,5453.4,Medium,0
114.15,Debit,ATM,19.0,Student,52.0,1.0,1612.4,Low,1
275.98,Credit,Online,72.0,Retired,67.0,1.0,6151.05,High,2
590.68,Debit,Branch,27.0,Student,23.0,1.0,852.1999999999998,Low,1
152.42,Debit,ATM,42.0,Doctor,176.0,1.0,9141.79,Medium,0
395.77,Credit,Branch,43.0,Doctor,118.0,1.0,6425.99,Medium,0
615.16,Debit,Online,26.0,Student,140.0,1.0,214.60999999999967,Low,1
207.82,Credit,Online,19.0,Student,30.0,1.0,229.02000000000044,Low,1
220.52,Debit,ATM,57.0,Retired,152.0,1.0,1793.0900000000001,High,2
281.47,Debit,ATM,34.0,Engineer,142.0,1.0,4437.48,Medium,0
57.91,Credit,Branch,58.0,Engineer,97.0,1.0,3641.06,High,2
30.47999999999996,Credit,Branch,32.0,Doctor,78.0,1.0,11481.85,Low,0
424.47,Debit,Online,21.999999999999996,Student,116.0,1.0,5491.55,Low,1
228.4,Debit,ATM,67.0,Doctor,116.0,1.0,9598.43,High,2
67.17000000000002,Debit,Online,63.0,Doctor,48.0,1.0,14410.439999999999,High,2
118.69,Debit,Online,33.0,Doctor,296.0,1.0,749.3400000000001,Medium,0
221.33,Debit,ATM,27.0,Student,276.0,1.0,1185.4300000000007,Low,1
252.31,Credit,ATM,26.0,Student,172.0,1.0,1584.6,Low,1
433.53,Debit,Branch,38.0,Doctor,231.0,1.0,6368.32,Medium,0
178.26,Debit,ATM,59.0,Retired,59.0,1.0,1137.1300000000006,High,2
237.0,Debit,Online,49.0,Doctor,115.0,1.0,14021.399999999998,Medium,0
347.63,Credit,Online,25.0,Student,272.0,1.0,1400.04,Low,1
517.68,Debit,ATM,31.0,Doctor,24.0,1.0,11305.81,Low,0
36.24999999999997,Debit,Branch,52.0,Doctor,76.0,1.0,193.0600000000004,Medium,0
46.53,Debit,ATM,42.0,Engineer,34.0,1.0,4468.12,Medium,0
207.47,Debit,ATM,53.0,Doctor,12.0,1.0,1688.9,Medium,0
199.7,Debit,ATM,43.0,Engineer,285.0,1.0,7574.45,Medium,0
307.89,Credit,Online,62.0,Retired,90.0,1.0,2637.55,High,2
20.059999999999974,Debit,ATM,27.0,Student,144.0,1.0,445.21000000000004,Low,1
236.57,Debit,ATM,79.0,Retired,112.0,1.0,3488.77,High,2
0.3199999999999932,Debit,ATM,39.0,Engineer,136.0,1.0,7158.58,Medium,0
14.28000000000003,Debit,ATM,23.0,Student,81.0,1.0,1597.5100000000002,Low,1
232.35,Credit,Branch,33.0,Engineer,153.0,1.0,4186.25,Medium,0
317.53,Debit,Online,44.0,Engineer,104.0,1.0,6237.68,Medium,0
74.67000000000002,Debit,ATM,43.0,Engineer,283.0,1.0,3449.35,Medium,0
65.00999999999999,Credit,Online,29.0,Doctor,67.0,1.0,10235.19,Low,0
0.44999999999998863,Debit,Branch,34.0,Engineer,172.0,1.0,8670.23,Medium,0
364.13,Debit,ATM,63.0,Doctor,61.0,1.0,8198.0,High,2
222.66,Debit,Online,39.0,Doctor,88.0,1.0,14466.379999999997,Medium,0
638.24,Debit,Branch,48.0,Engineer,64.0,1.0,5695.78,Medium,0
241.21,Debit,ATM,31.0,Engineer,108.0,1.0,1220.8599999999997,Low,0
171.16,Debit,Online,51.0,Retired,42.0,1.0,6126.5,Medium,0
37.64999999999998,Credit,Online,27.0,Student,109.0,1.0,411.77999999999975,Low,1
25.77000000000001,Debit,Online,68.0,Retired,17.999999999999986,1.0,4331.54,High,2
789.8,Debit,ATM,40.0,Doctor,94.0,1.0,13948.09,Medium,0
806.97,Debit,Online,25.0,Student,11.0,1.0,102.19999999999982,Low,1
490.82,Debit,ATM,26.0,Engineer,114.0,1.0,8704.27,Low,0
311.28,Debit,Branch,49.0,Doctor,198.0,1.0,135.96000000000004,Medium,0
85.03,Debit,ATM,51.0,Retired,48.0,1.0,4597.57,Medium,0
307.75,Debit,Branch,64.0,Doctor,63.0,1.0,1061.5799999999995,High,2
333.67,Debit,Online,36.0,Engineer,68.0,1.0,9238.08,Medium,0
372.08,Debit,Branch,66.0,Doctor,63.0,1.0,13330.739999999998,High,2
502.9,Credit,Online,26.0,Student,141.0,1.0,341.2399999999998,Low,1
103.81,Debit,ATM,36.0,Doctor,34.0,1.0,7044.63,Medium,0
69.43,Debit,ATM,30.0,Engineer,162.0,1.0,9281.85,Low,0
110.4,Credit,ATM,56.0,Doctor,62.0,1.0,8639.36,High,2
251.8,Debit,ATM,62.0,Doctor,102.0,1.0,11796.66,High,2
334.07,Debit,Branch,59.0,Engineer,200.0,1.0,7306.79,High,2
52.44,Debit,Online,27.0,Student,87.0,1.0,3157.75,Low,1
141.37,Debit,Online,46.0,Engineer,77.0,1.0,1019.7699999999995,Medium,0
211.7,Credit,Online,50.0,Doctor,205.0,1.0,12272.78,Medium,0
308.23,Debit,ATM,60.0,Retired,23.0,1.0,4150.63,High,2
111.41,Debit,Branch,21.0,Student,181.0,1.0,1204.1099999999997,Low,1
675.49,Debit,ATM,61.0,Retired,159.0,1.0,1893.0,High,2
294.61,Debit,Branch,60.0,Retired,74.0,1.0,7375.59,High,2
106.43,Credit,ATM,52.0,Engineer,164.0,1.0,9403.12,Medium,0
381.52,Debit,Online,36.0,Doctor,79.0,1.0,5798.92,Medium,0
5.660000000000025,Debit,Branch,40.0,Engineer,33.0,1.0,5434.64,Medium,0
209.09,Debit,ATM,48.0,Doctor,203.0,1.0,9100.81,Medium,0
521.81,Debit,ATM,47.0,Engineer,34.0,1.0,4750.96,Medium,0
588.36,Debit,Online,33.0,Engineer,134.0,1.0,8434.99,Medium,0
146.67,Debit,Online,20.0,Student,273.0,1.0,1569.75,Low,1
57.34,Debit,Online,27.0,Student,81.0,1.0,1100.6399999999999,Low,1
294.77,Debit,Online,77.0,Retired,101.0,1.0,2272.17,High,2
162.59,Debit,Branch,64.0,Retired,19.0,1.0,7104.83,High,2
56.150000000000006,Debit,Branch,31.0,Doctor,77.0,1.0,13265.92,Low,0
524.55,Debit,ATM,39.0,Doctor,175.0,1.0,8292.75,Medium,0
535.4,Debit,Branch,23.0,Student,110.0,1.0,651.8400000000001,Low,1
56.84,Debit,ATM,45.0,Engineer,185.0,1.0,7977.78,Medium,0
124.05000000000001,Credit,Branch,61.0,Doctor,220.0,1.0,7009.54,High,2
802.8900000000001,Debit,ATM,19.0,Student,175.0,1.0,1973.63,Low,1
193.16,Debit,ATM,64.0,Retired,109.0,1.0,2304.56,High,2
541.52,Credit,Branch,48.0,Engineer,161.0,1.0,6087.24,Medium,0
20.169999999999987,Debit,ATM,77.0,Retired,86.0,1.0,3869.37,High,2
35.98000000000002,Credit,Branch,40.0,Doctor,133.0,1.0,11147.34,Medium,0
273.24,Debit,Branch,51.0,Retired,173.0,1.0,2202.21,Medium,0
663.45,Debit,ATM,67.0,Retired,147.0,1.0,5897.29,High,2
343.86,Debit,Branch,57.0,Engineer,70.0,1.0,3278.65,High,2
75.43,Debit,ATM,77.0,Retired,266.0,1.0,1441.8599999999997,High,2
86.79000000000002,Debit,Branch,33.0,Doctor,166.0,1.0,8795.37,Medium,0
14.099999999999966,Debit,Branch,45.0,Engineer,73.0,1.0,6949.21,Medium,0
63.329999999999984,Credit,Branch,23.0,Student,124.0,1.0,792.3299999999999,Low,1
606.27,Debit,Branch,29.0,Doctor,42.0,1.0,9668.78,Low,0
4.469999999999999,Debit,Branch,27.0,Student,132.0,1.0,1381.75,Low,1
338.69,Debit,Branch,18.0,Student,169.0,1.0,1137.8900000000003,Low,1
97.73000000000002,Debit,Branch,69.0,Doctor,156.0,1.0,7885.21,High,2
27.610000000000042,Credit,ATM,54.0,Retired,26.0,1.0,3679.64,Medium,0
284.17,Debit,ATM,51.0,Retired,189.0,1.0,3479.56,Medium,0
76.20999999999998,Debit,Branch,21.999999999999996,Student,69.0,1.0,664.9300000000003,Low,1
584.51,Debit,ATM,74.0,Retired,76.0,1.0,3254.56,High,2
432.18,Debit,Branch,18.0,Student,162.0,1.0,678.8299999999999,Low,1
134.55,Debit,Online,59.0,Doctor,165.0,1.0,14852.419999999998,High,2
61.66,Debit,ATM,26.0,Student,86.0,1.0,5705.4,Low,1
12.350000000000023,Debit,Branch,25.0,Student,22.0,1.0,1846.85,Low,1
213.25,Debit,Branch,25.0,Student,63.0,1.0,677.79,Low,1
34.93000000000001,Debit,Branch,31.0,Engineer,72.0,1.0,2810.37,Low,0
335.68,Debit,Online,24.0,Student,142.0,1.0,1188.9499999999998,Low,1
423.96,Debit,ATM,43.0,Doctor,75.0,1.0,8374.38,Medium,0
220.82,Debit,Branch,42.0,Engineer,31.0,1.0,4298.13,Medium,0
406.12,Debit,ATM,42.0,Doctor,106.0,1.0,10501.53,Medium,0
427.83,Debit,ATM,47.0,Engineer,29.000000000000014,1.0,3293.06,Medium,0
21.900000000000006,Debit,ATM,28.0,Student,30.0,1.0,1052.27,Low,1
393.68,Debit,ATM,55.0,Doctor,141.0,1.0,10135.88,Medium,0
281.91,Debit,Branch,25.0,Student,269.0,1.0,225.52999999999975,Low,1
239.85,Debit,ATM,70.0,Retired,50.0,1.0,1477.63,High,2
237.84,Debit,Branch,26.0,Student,16.0,1.0,8932.39,Low,1
459.29,Credit,Online,64.0,Retired,109.0,1.0,1006.1199999999994,High,2
196.49,Debit,Branch,41.0,Engineer,65.0,1.0,7516.56,Medium,0
344.87,Debit,Branch,58.0,Retired,25.0,1.0,7447.44,High,2
129.62,Credit,ATM,23.0,Student,124.0,1.0,620.2799999999997,Low,1
16.529999999999973,Debit,ATM,21.0,Student,220.0,1.0,707.9499999999998,Low,1
277.02,Credit,ATM,46.0,Doctor,227.0,1.0,8586.38,Medium,0
13.020000000000039,Debit,Branch,51.0,Doctor,42.0,1.0,6076.45,Medium,0
199.02,Debit,ATM,21.999999999999996,Student,185.0,1.0,793.6300000000001,Low,1
684.5,Debit,Branch,29.0,Doctor,76.0,1.0,6258.63,Low,0
45.920000000000016,Debit,ATM,26.0,Student,23.0,1.0,544.5600000000004,Low,1
761.73,Debit,ATM,19.0,Student,27.0,1.0,151.27999999999975,Low,1
331.38,Debit,ATM,42.0,Engineer,122.0,1.0,844.5500000000002,Medium,0
602.8,Debit,Branch,60.0,Retired,173.0,1.0,7417.69,High,2
64.12,Credit,Branch,57.0,Doctor,222.0,1.0,1029.0900000000006,High,2
94.63999999999999,Credit,ATM,28.0,Student,144.0,1.0,586.7600000000002,Low,1
155.56,Credit,Branch,19.0,Student,64.0,1.0,129.78999999999996,Low,1
301.39,Credit,Online,47.0,Doctor,104.0,1.0,10548.58,Medium,0
136.31,Debit,Online,74.0,Retired,65.0,1.0,4384.95,High,2
4.389999999999986,Debit,ATM,26.0,Student,63.0,1.0,1429.6099999999997,Low,1
429.25,Debit,Online,29.0,Engineer,107.0,1.0,5019.68,Low,0
138.54,Credit,Branch,60.0,Engineer,93.0,1.0,8274.77,High,2
33.03,Debit,Branch,21.0,Student,28.0,1.0,935.8800000000001,Low,1
76.38999999999999,Debit,Online,30.0,Doctor,80.0,1.0,11584.32,Low,0
25.319999999999993,Debit,ATM,19.0,Student,25.0,1.0,1642.3400000000001,Low,1
330.91,Debit,ATM,36.0,Engineer,28.0,1.0,6481.35,Medium,0
153.55,Debit,Online,37.0,Doctor,16.0,1.0,5619.91,Medium,0
217.61,Debit,Online,27.0,Student,120.0,1.0,1661.1,Low,1
131.69,Credit,Branch,53.0,Engineer,59.0,1.0,2958.43,Medium,0
68.49000000000001,Debit,Online,67.0,Retired,49.0,1.0,6683.31,High,2
470.62,Debit,Branch,57.0,Doctor,127.0,1.0,12470.62,High,2
385.35,Debit,Branch,38.0,Doctor,269.0,1.0,5184.13,Medium,0
275.87,Debit,ATM,25.0,Student,112.0,1.0,1697.58,Low,1
90.94,Credit,ATM,63.0,Retired,56.0,1.0,3896.08,High,2
206.25,Debit,ATM,74.0,Retired,56.0,1.0,3651.07,High,2
116.75999999999999,Debit,ATM,51.0,Engineer,212.0,1.0,4480.43,Medium,0
91.5,Debit,ATM,47.0,Doctor,77.0,1.0,667.6599999999999,Medium,0
489.31,Debit,Branch,43.0,Engineer,36.0,1.0,5595.22,Medium,0
414.49,Credit,Online,58.0,Doctor,108.0,1.0,12709.58,High,2
28.380000000000024,Debit,Branch,45.0,Doctor,260.0,1.0,8892.62,Medium,0
456.05,Debit,Branch,68.0,Doctor,20.0,1.0,11729.51,High,2
54.84,Debit,Online,52.0,Retired,124.0,1.0,3495.51,Medium,0
29.920000000000016,Credit,Online,68.0,Doctor,63.0,1.0,7855.01,High,2
133.06,Debit,Online,35.0,Engineer,143.0,1.0,8843.44,Medium,0
468.32,Debit,Online,69.0,Retired,152.0,1.0,4710.04,High,2
245.62,Debit,Branch,23.0,Student,127.0,1.0,1879.8199999999997,Low,1
83.6,Debit,ATM,47.0,Doctor,192.0,1.0,13899.239999999998,Medium,0
331.22,Credit,Branch,61.0,Doctor,161.0,1.0,12613.25,High,2
57.49000000000001,Credit,Online,24.0,Student,177.0,1.0,765.1499999999996,Low,1
157.56,Debit,Branch,43.0,Doctor,159.0,1.0,7541.16,Medium,0
230.3,Debit,Online,46.0,Engineer,24.0,1.0,8356.88,Medium,0
305.92,Debit,ATM,72.0,Retired,88.0,1.0,1445.4700000000003,High,2
116.32999999999998,Debit,Branch,27.0,Student,144.0,1.0,1696.15,Low,1
537.71,Credit,Online,19.0,Student,175.0,1.0,1806.08,Low,1
538.17,Credit,Branch,27.0,Engineer,252.0,1.0,5908.04,Low,0
219.44,Debit,Online,42.0,Engineer,23.0,1.0,4207.27,Medium,0
58.77000000000001,Debit,Online,27.0,Engineer,191.0,1.0,7261.7,Low,0
719.76,Debit,Branch,19.0,Student,190.0,1.0,690.5199999999995,Low,1
163.22,Debit,Online,26.0,Student,217.0,1.0,1788.27,Low,1
291.22,Credit,Online,41.0,Engineer,100.0,1.0,3677.63,Medium,0
56.52000000000001,Debit,ATM,42.0,Engineer,152.0,1.0,6911.2,Medium,0
195.8,Debit,Online,39.0,Doctor,186.0,1.0,12027.68,Medium,0
66.75999999999999,Credit,Branch,36.0,Doctor,44.0,1.0,184.72000000000025,Medium,0
106.99000000000001,Debit,Branch,38.0,Engineer,152.0,1.0,5771.4,Medium,0
107.1,Credit,Online,25.0,Student,175.0,1.0,193.80000000000018,Low,1
235.34,Debit,Branch,26.0,Student,68.0,1.0,566.8299999999999,Low,1
86.35,Credit,Branch,52.0,Retired,24.0,1.0,1550.48,Medium,0
337.99,Debit,ATM,70.0,Doctor,115.0,1.0,9038.63,High,2
577.13,Credit,Branch,40.0,Engineer,66.0,1.0,6640.51,Medium,0
213.33,Debit,ATM,52.0,Retired,161.0,1.0,5400.44,Medium,0
883.9200000000001,Credit,Online,53.0,Retired,129.0,1.0,2342.64,Medium,0
69.80000000000001,Credit,Branch,27.0,Student,138.0,1.0,136.77000000000044,Low,1
768.94,Debit,Branch,64.0,Retired,53.0,1.0,6860.18,High,2
179.62,Debit,Online,24.0,Student,119.0,1.0,409.2600000000002,Low,1
425.91,Debit,ATM,23.0,Student,47.0,1.0,383.5799999999999,Low,1
263.34,Debit,ATM,64.0,Retired,55.0,1.0,2411.02,High,2
113.03,Credit,Online,36.0,Doctor,12.0,1.0,6756.13,Medium,0
11.02000000000001,Debit,Online,42.0,Doctor,42.0,1.0,7879.66,Medium,0
865.1700000000001,Debit,Branch,24.0,Student,161.0,1.0,9297.5,Low,1
152.0,Debit,ATM,51.0,Engineer,63.0,1.0,7531.43,Medium,0
270.39,Debit,ATM,25.0,Student,104.0,1.0,899.1499999999996,Low,1
261.45,Credit,Online,50.0,Engineer,96.0,1.0,6735.74,Medium,0
99.98000000000002,Credit,Online,73.0,Retired,152.0,1.0,3037.97,High,2
400.69,Debit,Online,32.0,Engineer,26.0,1.0,9040.33,Low,0
411.47,Debit,ATM,26.0,Student,120.0,1.0,796.6300000000001,Low,1
204.63,Debit,Online,52.0,Engineer,92.0,1.0,9199.52,Medium,0
421.56,Debit,Online,53.0,Engineer,144.0,1.0,8037.87,Medium,0
193.38,Debit,ATM,18.0,Student,285.0,1.0,1081.7899999999995,Low,1
377.04,Debit,ATM,34.0,Engineer,64.0,1.0,3812.87,Medium,0
54.099999999999994,Credit,Branch,28.0,Engineer,17.0,1.0,940.9099999999999,Low,0
18.099999999999994,Debit,ATM,57.0,Retired,66.0,1.0,6474.34,High,2
408.62,Credit,Online,48.0,Engineer,159.0,1.0,2498.48,Medium,0
162.1,Debit,Branch,64.0,Doctor,221.0,1.0,9578.74,High,2
165.31,Debit,ATM,49.0,Doctor,28.0,1.0,7346.66,Medium,0
856.9000000000001,Debit,Branch,36.0,Engineer,150.0,1.0,8579.69,Medium,0
271.22,Credit,ATM,45.0,Doctor,87.0,1.0,6863.02,Medium,0
307.68,Credit,Online,75.0,Retired,162.0,1.0,2052.84,High,2
348.17,Debit,ATM,21.0,Student,181.0,1.0,1887.8400000000001,Low,1
557.78,Credit,Branch,26.0,Student,102.0,1.0,1289.48,Low,1
325.6,Debit,ATM,69.0,Doctor,88.0,1.0,13777.099999999999,High,2
235.83,Credit,Online,53.0,Engineer,169.0,1.0,4120.75,Medium,0
603.54,Debit,Online,44.0,Doctor,26.0,1.0,10517.47,Medium,0
270.25,Debit,ATM,31.0,Engineer,42.0,1.0,5414.97,Low,0
123.38,Debit,Online,59.0,Doctor,40.000000000000014,1.0,13542.41,High,2
577.12,Debit,ATM,39.0,Engineer,69.0,1.0,5265.88,Medium,0
92.24000000000001,Debit,Branch,60.0,Engineer,93.0,1.0,6937.48,High,2
856.21,Credit,Branch,33.0,Doctor,109.0,1.0,12690.79,Medium,0
251.54,Debit,Branch,48.0,Doctor,177.0,1.0,254.75,Medium,0
28.629999999999995,Debit,Branch,56.0,Retired,146.0,1.0,3382.91,High,2
185.97,Debit,Online,23.0,Student,19.0,1.0,1776.9099999999999,Low,1
243.08,Credit,Online,24.0,Student,93.0,1.0,131.25,Low,1
12.180000000000007,Debit,Branch,76.0,Retired,77.0,1.0,4909.24,High,2
232.12,Debit,ATM,37.0,Engineer,51.0,1.0,6689.87,Medium,0
198.62,Credit,Branch,27.0,Student,84.0,1.0,1196.0699999999997,Low,1
